slug,kind,date,value_cents,score
0,point_outlier,2006-08-30,1200,6.745
0,point_outlier,2007-09-12,1380,4.721
0,point_outlier,2008-10-15,2050,6.745
0,point_outlier,2008-12-31,1650,5.188
0,point_outlier,2022-02-09,2765,5.565
0,regime_break,2017-11-15,,
1,point_outlier,2003-03-19,1450,5.059
1,point_outlier,2004-05-19,1945,6.745
1,point_outlier,2004-07-28,1940,4.721
1,point_outlier,2006-08-30,2715,4.341
1,point_outlier,2010-06-23,2288,10.117
1,point_outlier,2010-07-21,2295,4.946
1,point_outlier,2012-04-25,2350,5.396
1,point_outlier,2012-08-22,2940,5.292
1,point_outlier,2020-06-24,2270,4.384
1,point_outlier,2020-07-01,2280,4.047
1,point_outlier,2021-09-01,3200,10.117
1,point_outlier,2021-09-08,3400,16.862
1,point_outlier,2022-10-12,3213,9.119
1,point_outlier,2023-06-07,3150,6.745
1,point_outlier,2024-07-03,2975,4.946
1,point_outlier,2024-07-10,3006,11.916
1,regime_break,2011-07-20,,
10,point_outlier,2005-10-20,4250,4.123
10,point_outlier,2010-05-05,2865,4.284
10,point_outlier,2011-04-20,2300,5.86
10,point_outlier,2012-03-28,1735,4.092
10,point_outlier,2012-09-26,2265,4.519
10,point_outlier,2013-10-23,5063,4.467
10,point_outlier,2013-10-30,3930,6.871
10,point_outlier,2016-06-08,1350,4.625
10,point_outlier,2023-10-18,6620,5.107
10,regime_break,2015-07-22,,
100,point_outlier,2001-08-22,725,4.553
100,point_outlier,2002-01-16,1435,6.34
100,point_outlier,2003-02-26,1080,4.566
100,point_outlier,2005-02-02,1300,4.102
100,point_outlier,2006-08-16,2060,8.266
100,point_outlier,2006-09-20,1380,6.226
100,point_outlier,2008-04-23,2115,4.609
100,point_outlier,2009-09-02,1275,6.615
100,point_outlier,2010-07-21,665,4.946
100,point_outlier,2010-12-22,2440,6.414
100,point_outlier,2018-03-07,2150,5.552
100,point_outlier,2021-06-02,1900,4.216
100,point_outlier,2022-11-02,2150,17.031
100,point_outlier,2025-07-09,2550,22.933
100,point_outlier,2025-07-16,2760,7.15
100,point_outlier,2026-03-04,2960,4.047
100,point_outlier,2026-06-29,1600,5.621
100,regime_break,2012-11-07,,
101,point_outlier,2001-06-13,1110,4.452
101,point_outlier,2001-07-25,1075,7.419
101,point_outlier,2001-10-31,646,6.359
101,point_outlier,2002-05-29,1138,5.839
101,point_outlier,2003-04-23,1410,6.295
101,point_outlier,2005-04-27,1365,4.834
101,point_outlier,2006-05-17,1250,13.49
101,point_outlier,2006-11-15,1369,4.23
101,point_outlier,2009-09-23,710,4.047
101,point_outlier,2010-01-20,1538,4.506
101,point_outlier,2010-05-12,1210,4.272
101,point_outlier,2010-12-15,1730,7.852
101,point_outlier,2010-12-22,2000,5.059
101,point_outlier,2012-11-21,1780,7.166
101,point_outlier,2012-11-28,1163,5.239
101,point_outlier,2016-07-20,850,13.49
101,point_outlier,2016-10-19,850,6.07
101,point_outlier,2017-08-02,910,4.272
101,point_outlier,2017-11-08,1135,16.188
101,point_outlier,2020-11-25,1380,4.354
101,point_outlier,2022-05-25,1420,4.216
101,point_outlier,2022-06-01,1550,6.589
101,point_outlier,2023-08-09,1100,6.07
101,regime_break,2014-09-10,,
11,regime_break,2025-08-20,,
12,point_outlier,2001-10-10,1206,13.861
12,point_outlier,2002-07-17,1095,4.592
12,point_outlier,2002-09-04,1725,5.936
12,point_outlier,2002-11-13,1581,5.328
12,point_outlier,2003-01-08,1160,4.415
12,point_outlier,2004-05-12,1160,4.159
12,point_outlier,2006-01-04,956,4.54
12,point_outlier,2007-09-05,1250,4.192
12,point_outlier,2011-01-05,1367,7.324
12,point_outlier,2014-05-21,1880,4.159
12,point_outlier,2020-12-30,2500,4.159
12,point_outlier,2021-01-06,2450,6.745
12,point_outlier,2021-03-17,2500,5.059
12,point_outlier,2021-09-08,1763,8.212
12,point_outlier,2022-12-14,4970,4.3
12,point_outlier,2025-10-15,5275,4.162
12,point_outlier,2025-12-31,3875,4.721
12,regime_break,2018-08-01,,
13,point_outlier,2011-05-04,4420,5.354
13,point_outlier,2011-11-02,3275,4.497
13,point_outlier,2020-11-10,3200,4.047
13,point_outlier,2023-08-23,6563,6.332
13,regime_break,2010-11-17,,
14,point_outlier,2015-10-24,264,10.117
14,regime_break,2022-01-08,,
15,point_outlier,2002-02-20,2613,5.163
15,point_outlier,2002-03-27,1270,5.396
15,point_outlier,2002-09-11,1190,5.396
15,point_outlier,2002-11-27,1255,6.132
15,point_outlier,2002-12-04,1381,5.72
15,point_outlier,2004-09-01,1210,4.047
15,point_outlier,2005-08-03,1275,6.745
15,point_outlier,2005-08-10,1300,10.117
15,point_outlier,2006-04-19,1510,4.751
15,point_outlier,2006-12-06,1443,5.733
15,point_outlier,2010-05-05,1555,7.082
15,point_outlier,2011-11-16,1538,5.126
15,point_outlier,2012-05-02,1570,7.419
15,point_outlier,2012-10-03,1555,13.49
15,point_outlier,2012-10-10,1563,6.947
15,point_outlier,2013-05-08,1695,6.07
15,point_outlier,2014-05-07,1845,6.461
15,point_outlier,2016-05-11,1825,4.384
15,point_outlier,2017-07-12,1605,6.07
15,point_outlier,2020-10-28,2360,4.047
15,point_outlier,2021-01-13,2025,4.336
15,point_outlier,2024-10-02,2800,14.614
15,point_outlier,2024-10-09,2800,8.768
15,point_outlier,2026-06-03,2888,5.112
15,regime_break,2013-01-09,,
16,point_outlier,2002-09-04,770,4.047
16,point_outlier,2004-10-20,1000,6.07
16,point_outlier,2006-01-04,888,4.991
16,point_outlier,2007-03-28,1913,4.081
16,point_outlier,2008-08-13,2170,4.787
16,point_outlier,2008-12-03,1575,4.216
16,point_outlier,2009-11-25,1518,6.07
16,point_outlier,2010-10-13,1088,28.598
16,point_outlier,2011-08-03,1780,6.346
16,point_outlier,2011-11-30,1500,4.946
16,point_outlier,2014-11-12,1500,4.047
16,point_outlier,2015-08-12,1590,6.07
16,point_outlier,2015-11-25,1475,4.384
16,point_outlier,2016-09-14,1920,16.188
16,point_outlier,2019-02-13,1525,5.621
16,point_outlier,2025-01-22,13656,37.454
16,point_outlier,2025-01-29,8440,19.864
16,regime_break,2017-06-21,,
17,regime_break,2016-06-29,,
18,point_outlier,2003-12-17,1153,6.61
18,point_outlier,2004-11-24,925,5.396
18,point_outlier,2005-11-09,1000,5.203
18,point_outlier,2006-02-08,950,18.211
18,point_outlier,2006-10-18,1485,5.546
18,point_outlier,2008-12-03,850,5.059
18,point_outlier,2010-01-27,1470,8.094
18,point_outlier,2013-04-24,1663,4.114
18,point_outlier,2013-07-10,1113,4.047
18,point_outlier,2014-03-05,1390,34.399
18,point_outlier,2015-07-08,1250,5.396
18,point_outlier,2016-11-30,1775,12.523
18,point_outlier,2019-04-24,2900,4.047
18,point_outlier,2019-05-01,3030,5.261
18,point_outlier,2019-11-20,1720,4.363
18,point_outlier,2024-07-24,2845,7.564
18,point_outlier,2024-09-04,2925,8.6
18,point_outlier,2024-12-31,3425,5.059
18,regime_break,2012-09-19,,
19,point_outlier,2001-10-17,1100,4.047
19,point_outlier,2002-10-30,1375,5.013
19,point_outlier,2006-08-09,4890,21.369
19,point_outlier,2009-08-26,2080,4.946
19,point_outlier,2014-06-18,2465,8.6
19,point_outlier,2015-12-16,2860,5.985
19,point_outlier,2016-01-20,650,7.504
19,point_outlier,2024-08-21,1680,4.721
19,point_outlier,2025-04-30,1230,5.974
19,regime_break,2018-10-03,,
2,point_outlier,2002-08-14,1760,5.508
2,point_outlier,2005-01-05,3738,4.09
2,point_outlier,2011-04-20,2980,5.565
2,point_outlier,2011-06-15,1920,12.815
2,point_outlier,2013-01-16,2030,7.562
2,point_outlier,2013-01-23,2000,7.073
2,point_outlier,2017-06-07,2650,8.853
2,point_outlier,2018-03-28,1620,4.721
2,point_outlier,2018-04-04,1730,4.932
2,point_outlier,2020-06-03,3080,6.97
2,point_outlier,2024-05-08,4740,6.61
2,point_outlier,2024-05-15,5080,5.261
2,point_outlier,2024-11-06,4350,6.49
2,point_outlier,2025-06-11,3190,11.736
2,point_outlier,2025-06-18,2680,4.101
2,point_outlier,2025-11-12,3306,40.308
2,regime_break,2014-11-05,,
20,point_outlier,2003-07-09,1526,14.164
20,point_outlier,2003-07-16,1533,11.804
20,point_outlier,2003-10-22,1091,6.295
20,point_outlier,2004-03-03,1175,8.431
20,point_outlier,2011-10-12,1700,4.047
20,point_outlier,2013-07-24,2210,5.028
20,point_outlier,2014-12-24,2030,9.443
20,regime_break,2010-12-29,,
21,point_outlier,2002-09-04,1275,4.173
21,point_outlier,2003-05-14,1790,5.427
21,point_outlier,2003-12-17,1970,15.977
21,point_outlier,2004-05-05,870,5.396
21,point_outlier,2004-05-12,1268,5.654
21,point_outlier,2004-09-15,1410,7.749
21,point_outlier,2005-06-15,1520,7.548
21,point_outlier,2006-04-19,2065,4.029
21,point_outlier,2007-09-26,1153,5.177
21,point_outlier,2008-01-02,1688,4.529
21,point_outlier,2008-01-09,1740,6.07
21,point_outlier,2008-06-11,1650,6.745
21,point_outlier,2008-06-18,1655,17.424
21,point_outlier,2008-07-16,1540,4.497
21,point_outlier,2008-08-06,1588,11.871
21,point_outlier,2008-12-10,1345,6.295
21,point_outlier,2009-08-05,1710,4.121
21,point_outlier,2010-04-21,1690,4.806
21,point_outlier,2011-11-23,1715,11.466
21,point_outlier,2013-01-23,1935,17.424
21,point_outlier,2013-01-30,1755,7.307
21,point_outlier,2016-02-17,1731,10.168
21,point_outlier,2016-02-24,1428,5.059
21,point_outlier,2016-03-23,1688,9.443
21,point_outlier,2016-08-31,1150,16.862
21,point_outlier,2017-05-17,2450,21.584
21,point_outlier,2018-05-16,2250,4.047
21,point_outlier,2020-03-25,2460,4.047
21,point_outlier,2022-12-14,3695,4.825
21,point_outlier,2023-02-15,3575,11.129
21,point_outlier,2024-06-12,2730,8.094
21,regime_break,2017-02-22,,
22,point_outlier,2001-09-05,788,8.499
22,point_outlier,2001-10-31,675,4.047
22,point_outlier,2003-07-16,1125,5.48
22,point_outlier,2005-10-12,788,4.766
22,point_outlier,2006-01-25,755,4.272
22,point_outlier,2011-11-16,1176,4.022
22,point_outlier,2016-07-06,1400,7.869
22,point_outlier,2017-03-08,1140,8.094
22,point_outlier,2018-04-04,1435,5.586
22,point_outlier,2018-12-12,3060,5.471
22,point_outlier,2018-12-19,3330,9.022
22,point_outlier,2019-01-09,2223,4.393
22,point_outlier,2022-01-12,2010,4.186
22,point_outlier,2022-09-14,1670,4.721
22,point_outlier,2022-09-21,1650,6.07
22,point_outlier,2024-08-28,1900,6.745
22,regime_break,2012-07-03,,
23,point_outlier,2026-06-20,162,4.721
23,regime_break,2019-06-29,,
24,point_outlier,2001-07-18,995,4.599
24,point_outlier,2001-11-21,1563,5.007
24,point_outlier,2002-05-08,810,4.047
24,point_outlier,2005-08-03,1950,4.721
24,point_outlier,2006-07-12,1450,6.07
24,point_outlier,2007-10-17,2285,9.038
24,point_outlier,2009-09-09,1625,5.059
24,point_outlier,2009-09-16,1620,6.745
24,point_outlier,2010-10-20,1800,4.721
24,point_outlier,2011-07-20,1575,5.059
24,point_outlier,2011-07-27,1595,8.768
24,point_outlier,2012-01-25,2050,9.743
24,point_outlier,2013-06-19,1950,5.059
24,point_outlier,2016-01-20,1800,10.117
24,point_outlier,2016-05-18,1400,5.902
24,point_outlier,2020-08-26,1930,5.733
24,point_outlier,2021-07-21,3200,5.967
24,point_outlier,2022-11-30,2757,6.122
24,point_outlier,2023-03-29,2520,4.946
24,point_outlier,2024-06-05,1135,5.059
24,regime_break,2015-06-03,,
25,point_outlier,2022-12-05,84,8.094
25,point_outlier,2025-10-27,120,4.047
25,point_outlier,2025-12-01,121,4.047
25,regime_break,2024-03-11,,
26,point_outlier,2024-06-17,164,12.815
26,point_outlier,2025-05-19,213,15.513
26,point_outlier,2026-06-22,137,6.745
26,regime_break,2024-03-18,,
27,regime_break,2024-05-15,,
28,point_outlier,2025-02-01,258,6.492
29,point_outlier,2002-01-23,794,4.789
29,point_outlier,2018-01-31,2125,4.216
29,point_outlier,2018-07-18,2030,14.164
29,point_outlier,2018-12-19,3150,4.027
29,point_outlier,2019-06-19,2400,10.117
29,regime_break,2013-10-23,,
3,point_outlier,2005-11-30,1800,8.768
3,point_outlier,2007-01-24,3830,4.011
3,point_outlier,2009-03-18,2675,4.384
3,point_outlier,2009-04-29,3820,5.762
3,point_outlier,2010-01-20,2344,4.216
3,point_outlier,2012-10-24,2430,4.553
3,point_outlier,2018-11-14,1675,7.1
3,regime_break,2012-05-02,,
30,point_outlier,2002-04-03,1405,4.637
30,point_outlier,2002-11-20,1060,6.745
30,point_outlier,2002-11-27,1075,4.047
30,point_outlier,2003-01-29,1510,5.396
30,point_outlier,2005-12-21,1335,4.721
30,point_outlier,2006-04-19,2290,4.159
30,point_outlier,2007-01-24,1830,6.475
30,point_outlier,2007-01-31,1650,4.047
30,point_outlier,2008-06-18,1860,8.094
30,point_outlier,2010-09-08,1319,8.836
30,point_outlier,2010-09-15,1378,4.856
30,point_outlier,2011-06-08,1618,4.141
30,point_outlier,2013-04-17,2110,4.272
30,point_outlier,2015-05-27,2138,4.362
30,point_outlier,2015-09-30,2615,15.682
30,point_outlier,2015-10-28,1930,5.936
30,point_outlier,2017-04-12,2080,6.07
30,point_outlier,2017-11-22,2590,4.231
30,point_outlier,2018-10-03,2120,5.621
30,point_outlier,2021-11-10,4810,6.248
30,point_outlier,2022-01-19,2600,10.539
30,point_outlier,2025-03-05,2290,18.548
30,point_outlier,2025-03-12,2250,5.25
30,point_outlier,2025-05-28,2400,5.227
30,regime_break,2013-08-28,,
31,point_outlier,2001-04-18,1800,4.921
31,point_outlier,2001-06-20,2000,5.3
31,point_outlier,2001-11-14,1388,10.96
31,point_outlier,2003-02-19,1050,6.07
31,point_outlier,2003-02-26,1240,5.733
31,point_outlier,2004-06-30,1510,4.336
31,point_outlier,2004-09-29,2278,16.488
31,point_outlier,2005-10-26,2300,4.134
31,point_outlier,2005-11-02,2258,5.576
31,point_outlier,2005-12-28,2313,8.796
31,point_outlier,2006-05-03,1250,4.047
31,point_outlier,2006-10-04,1530,4.3
31,point_outlier,2008-02-27,2065,4.019
31,point_outlier,2008-03-05,2020,5.194
31,point_outlier,2009-06-24,1270,7.869
31,point_outlier,2011-07-27,1250,6.745
31,point_outlier,2017-01-04,1175,6.438
31,point_outlier,2017-05-24,2085,4.679
31,point_outlier,2017-05-31,1913,6.995
31,point_outlier,2018-05-16,1418,9.443
31,point_outlier,2018-07-03,1254,4.614
31,point_outlier,2022-06-08,1550,10.117
31,point_outlier,2024-07-31,1285,4.452
31,point_outlier,2024-10-23,2120,16.323
31,point_outlier,2025-03-05,2260,4.272
31,point_outlier,2025-03-26,2450,4.272
31,regime_break,2018-08-22,,
32,regime_break,2026-01-14,,
33,point_outlier,2025-06-11,4625,4.152
33,point_outlier,2025-06-18,5575,6.361
33,point_outlier,2025-06-25,5575,6.361
33,point_outlier,2026-05-06,3410,12.276
33,point_outlier,2026-05-13,3650,15.513
33,point_outlier,2026-05-20,3650,15.513
33,regime_break,2025-04-30,,
34,point_outlier,2001-04-18,60,4.721
34,point_outlier,2001-09-12,247,35.579
34,point_outlier,2001-09-19,245,17.621
34,point_outlier,2002-08-07,197,6.504
34,point_outlier,2002-11-06,277,4.856
34,point_outlier,2002-11-13,751,8.839
34,point_outlier,2003-12-17,1860,4.967
34,point_outlier,2006-08-23,2145,5.592
34,point_outlier,2008-02-27,1740,4.317
34,point_outlier,2010-06-30,2545,6.981
34,point_outlier,2011-08-17,2000,4.721
34,point_outlier,2013-04-24,1990,5.733
34,point_outlier,2014-05-28,2363,6.29
34,point_outlier,2014-12-24,2498,9.611
34,point_outlier,2015-06-03,2430,6.153
34,point_outlier,2018-03-07,1490,20.235
34,point_outlier,2020-04-08,2683,4.492
34,point_outlier,2020-06-24,1975,6.492
34,point_outlier,2020-07-01,2025,8.206
34,point_outlier,2020-10-14,2538,6.34
34,point_outlier,2023-08-30,2740,14.164
34,point_outlier,2023-09-27,2500,6.745
34,point_outlier,2023-11-15,2600,10.117
34,regime_break,2014-11-12,,
35,regime_break,2025-09-15,,
36,point_outlier,2007-07-11,2900,7.869
36,point_outlier,2015-07-22,5995,18.211
36,point_outlier,2016-05-18,6595,7.554
36,point_outlier,2016-07-06,6500,4.047
36,point_outlier,2022-08-31,6800,4.497
36,point_outlier,2023-11-29,7300,5.059
36,point_outlier,2024-01-03,6200,4.721
36,point_outlier,2026-01-28,7275,5.059
36,regime_break,2014-07-09,,
37,regime_break,2024-06-26,,
38,point_outlier,2002-01-02,1088,11.871
38,point_outlier,2005-04-06,1430,5.936
38,point_outlier,2007-07-18,1828,9.038
38,point_outlier,2007-07-25,1860,5.396
38,point_outlier,2008-10-08,2150,4.384
38,point_outlier,2011-07-13,2060,4.89
38,point_outlier,2013-04-17,1610,4.216
38,point_outlier,2014-02-19,1700,9.443
38,point_outlier,2015-09-02,2300,4.336
38,point_outlier,2015-10-07,2430,5.396
38,point_outlier,2015-11-18,2090,5.733
38,point_outlier,2018-04-04,2540,7.195
38,point_outlier,2019-06-05,2400,4.047
38,point_outlier,2020-01-15,2150,5.059
38,point_outlier,2021-08-11,3690,10.117
38,regime_break,2015-05-20,,
39,point_outlier,2001-07-25,1210,9.443
39,point_outlier,2005-03-02,1680,4.959
39,point_outlier,2009-06-03,3825,6.027
39,point_outlier,2009-09-09,1950,5.212
39,point_outlier,2009-09-16,2660,4.19
39,point_outlier,2010-03-03,5525,6.527
39,point_outlier,2010-07-14,2960,4.821
39,point_outlier,2011-11-16,1963,4.275
39,point_outlier,2013-01-23,2550,4.66
39,point_outlier,2013-01-30,2600,5.088
39,point_outlier,2015-07-08,3838,4.933
39,point_outlier,2018-08-01,3000,5.921
39,point_outlier,2018-08-08,2880,4.587
39,point_outlier,2018-12-19,2850,7.051
39,point_outlier,2020-03-04,2745,5.621
39,point_outlier,2020-10-14,2519,6.059
39,point_outlier,2021-12-29,1950,7.166
39,point_outlier,2024-07-17,4025,5.372
39,point_outlier,2025-02-05,3200,4.243
39,point_outlier,2025-02-12,3340,5.351
39,point_outlier,2025-09-03,3031,5.514
39,regime_break,2010-12-08,,
4,point_outlier,2002-08-14,1985,6.45
4,point_outlier,2003-06-11,5030,4.759
4,point_outlier,2003-11-05,2300,6.726
4,point_outlier,2005-11-02,2083,7.63
4,point_outlier,2006-11-22,2230,4.343
4,point_outlier,2008-09-03,4269,5.689
4,point_outlier,2010-07-21,3300,7.774
4,point_outlier,2010-07-28,3140,8.094
4,point_outlier,2010-12-29,2000,5.492
4,point_outlier,2013-09-30,4000,7.88
4,point_outlier,2013-11-27,1770,7.599
4,point_outlier,2014-04-30,4220,6.022
4,point_outlier,2014-11-26,1760,6.93
4,point_outlier,2017-09-06,2825,4.322
4,point_outlier,2019-11-13,2338,4.232
4,point_outlier,2022-04-13,6395,4.536
4,point_outlier,2022-08-24,3480,4.609
4,point_outlier,2023-03-22,3630,4.047
4,point_outlier,2023-04-05,3280,4.047
4,point_outlier,2023-09-13,5210,4.43
4,regime_break,2016-05-04,,
40,point_outlier,2002-05-29,750,5.621
40,point_outlier,2004-04-14,755,7.419
40,point_outlier,2004-09-22,1090,4.129
40,point_outlier,2007-01-17,1388,4.652
40,point_outlier,2009-01-14,1233,4.456
40,point_outlier,2009-02-25,1095,4.26
40,point_outlier,2009-03-04,1110,4.792
40,point_outlier,2011-08-03,990,5.396
40,point_outlier,2012-01-18,1382,4.101
40,point_outlier,2012-01-25,1600,4.514
40,point_outlier,2012-08-22,1575,4.454
40,point_outlier,2012-11-28,988,6.07
40,point_outlier,2015-07-22,1073,13.939
40,point_outlier,2018-01-24,1135,8.094
40,point_outlier,2019-09-18,1340,5.396
40,point_outlier,2020-03-18,1553,12.579
40,point_outlier,2021-08-11,1350,5.171
40,point_outlier,2024-07-24,1930,8.364
40,point_outlier,2024-08-28,3450,15.288
40,regime_break,2014-04-09,,
41,point_outlier,2001-11-14,738,8.319
41,point_outlier,2001-11-21,748,4.231
41,point_outlier,2002-01-23,656,4.506
41,point_outlier,2004-04-07,845,8.693
41,point_outlier,2004-04-14,1035,7.49
41,point_outlier,2007-09-12,1190,4.721
41,point_outlier,2011-07-06,900,4.384
41,point_outlier,2012-05-09,750,9.162
41,point_outlier,2012-10-17,1000,4.272
41,point_outlier,2013-11-20,975,7.757
41,point_outlier,2014-09-10,2800,8.431
41,point_outlier,2014-09-17,3525,13.321
41,point_outlier,2014-09-24,2720,5.274
41,point_outlier,2015-04-15,1510,5.396
41,point_outlier,2015-04-22,1550,12.815
41,point_outlier,2017-09-20,3495,5.756
41,point_outlier,2023-03-01,2705,6.774
41,point_outlier,2024-12-31,2225,32.319
41,point_outlier,2025-01-07,2225,15.513
41,point_outlier,2025-01-15,2225,15.513
41,point_outlier,2026-02-04,3850,5.107
41,regime_break,2012-08-15,,
43,regime_break,2021-03-10,,
44,point_outlier,2001-07-25,2140,4.047
44,point_outlier,2004-10-27,2320,4.856
44,point_outlier,2005-01-05,2613,4.249
44,point_outlier,2005-01-12,2710,10.792
44,point_outlier,2005-07-20,2800,6.07
44,point_outlier,2010-08-25,2880,5.733
44,point_outlier,2011-01-19,2725,5.34
44,point_outlier,2013-05-01,2125,7.757
44,point_outlier,2013-10-23,2000,4.047
44,point_outlier,2015-03-18,1990,4.789
44,point_outlier,2015-03-25,1800,7.588
44,point_outlier,2016-04-27,2890,8.865
44,point_outlier,2016-11-23,2170,4.469
44,point_outlier,2019-12-31,3225,4.103
44,point_outlier,2020-03-18,2570,8.768
44,point_outlier,2021-10-06,2880,5.396
44,regime_break,2015-02-04,,
45,point_outlier,2001-06-20,795,6.849
45,point_outlier,2002-11-13,863,4.068
45,point_outlier,2003-01-08,1105,7.711
45,point_outlier,2003-02-19,897,33.32
45,point_outlier,2003-04-09,800,7.588
45,point_outlier,2003-05-14,1680,4.891
45,point_outlier,2003-11-26,4510,4.126
45,point_outlier,2004-02-25,2020,8.52
45,point_outlier,2004-04-28,1110,5.621
45,point_outlier,2004-06-09,1115,6.576
45,point_outlier,2005-03-30,2353,5.694
45,point_outlier,2005-10-19,1010,9.78
45,point_outlier,2006-12-13,1758,5.796
45,point_outlier,2008-12-03,1472,4.955
45,point_outlier,2009-10-14,1894,4.519
45,point_outlier,2010-08-25,1753,4.606
45,point_outlier,2011-05-18,1850,4.946
45,point_outlier,2011-05-25,2085,4.726
45,point_outlier,2011-07-20,1350,6.425
45,point_outlier,2011-07-27,1430,12.411
45,point_outlier,2012-06-06,1620,4.12
45,point_outlier,2016-02-24,1560,6.452
45,point_outlier,2016-05-11,2380,5.872
45,point_outlier,2016-07-13,1810,14.103
45,point_outlier,2018-10-03,2015,11.466
45,point_outlier,2020-03-18,2250,9.682
45,point_outlier,2020-03-25,2280,6.194
45,point_outlier,2021-08-04,1780,26.98
45,point_outlier,2023-09-27,2210,5.059
45,regime_break,2014-05-14,,
46,point_outlier,2004-02-25,1450,4.946
46,point_outlier,2007-08-29,1050,5.396
46,point_outlier,2007-09-05,1175,4.216
46,point_outlier,2008-05-21,1485,4.384
46,point_outlier,2008-10-01,1580,5.396
46,point_outlier,2008-10-08,1600,6.745
46,point_outlier,2009-03-18,1550,7.644
46,point_outlier,2010-08-11,1000,8.094
46,point_outlier,2011-12-07,1980,4.317
46,point_outlier,2014-12-03,2056,4.766
46,point_outlier,2014-12-10,2100,4.047
46,point_outlier,2016-03-16,2910,14.434
46,point_outlier,2016-03-23,2510,5.227
46,point_outlier,2021-09-08,2188,4.209
46,point_outlier,2021-09-29,2500,16.862
46,regime_break,2012-06-06,,
47,point_outlier,2002-12-18,735,4.203
47,point_outlier,2009-03-04,1150,25.293
47,point_outlier,2009-03-11,940,91.056
47,point_outlier,2014-01-15,1160,7.419
47,point_outlier,2018-01-31,1700,6.07
47,regime_break,2017-03-01,,
48,point_outlier,2001-11-07,1180,6.07
48,point_outlier,2003-11-19,2950,5.292
48,point_outlier,2006-04-12,1720,4.731
48,point_outlier,2008-05-14,1688,4.587
48,point_outlier,2011-06-08,1468,4.461
48,point_outlier,2018-01-24,1650,4.818
48,point_outlier,2018-08-22,1605,4.272
48,point_outlier,2019-06-26,1675,8.431
48,point_outlier,2019-07-03,1650,6.745
48,point_outlier,2020-05-13,3800,10.117
48,point_outlier,2020-05-20,3575,8.094
48,point_outlier,2020-07-08,1933,4.488
48,point_outlier,2024-01-17,3125,7.783
48,point_outlier,2025-01-22,4325,8.768
48,regime_break,2012-10-31,,
49,point_outlier,2007-10-17,3538,12.478
49,point_outlier,2009-10-14,2750,4.152
49,point_outlier,2009-12-09,1775,5.171
49,point_outlier,2010-05-12,2810,5.059
49,point_outlier,2011-06-01,2107,10.455
49,point_outlier,2014-02-19,2785,7.419
49,point_outlier,2014-05-07,3235,5.621
49,point_outlier,2015-12-23,2595,4.254
49,point_outlier,2016-11-30,2779,4.829
49,point_outlier,2016-12-07,2765,4.452
49,point_outlier,2021-07-21,3880,5.531
49,point_outlier,2022-03-23,2195,4.309
49,regime_break,2013-07-17,,
5,point_outlier,2002-10-09,1555,5.155
5,point_outlier,2004-01-21,950,13.49
5,point_outlier,2004-11-03,950,7.757
5,point_outlier,2004-11-10,1000,4.946
5,point_outlier,2009-11-18,1475,7.7
5,point_outlier,2011-09-07,1425,5.188
5,point_outlier,2012-09-12,1488,7.026
5,point_outlier,2012-10-24,1400,7.16
5,point_outlier,2014-03-19,1700,8.431
5,point_outlier,2015-01-14,1575,4.272
5,regime_break,2010-11-24,,
50,point_outlier,2002-07-17,675,4.908
50,point_outlier,2003-03-12,1850,4.339
50,point_outlier,2003-11-12,575,4.497
50,point_outlier,2004-04-21,3040,8.658
50,point_outlier,2011-04-27,1350,12.141
50,point_outlier,2011-05-04,1500,18.886
50,point_outlier,2011-11-23,1315,6.677
50,point_outlier,2011-11-30,1363,4.479
50,point_outlier,2015-10-07,800,4.151
50,point_outlier,2017-03-08,1520,7.277
50,point_outlier,2024-01-24,4220,4.758
50,point_outlier,2024-04-03,4120,4.272
50,regime_break,2013-12-11,,
51,point_outlier,2024-03-27,1318,6.07
51,point_outlier,2025-02-05,1428,4.497
51,point_outlier,2025-03-12,1418,4.047
51,point_outlier,2025-08-27,1240,4.047
51,point_outlier,2025-09-03,1150,5.059
51,regime_break,2025-11-26,,
52,point_outlier,2013-06-05,1690,8.094
52,point_outlier,2020-05-13,3440,16.188
52,point_outlier,2020-05-20,3390,15.224
52,point_outlier,2021-02-03,1786,4.182
52,point_outlier,2023-02-01,3020,4.085
52,point_outlier,2025-07-02,2100,13.49
52,point_outlier,2025-07-09,2050,10.117
52,regime_break,2013-01-09,,
54,point_outlier,2003-11-12,1581,4.059
54,point_outlier,2009-06-17,800,4.047
54,point_outlier,2009-10-28,1240,5.733
54,point_outlier,2011-01-19,3200,4.143
54,point_outlier,2011-01-26,2900,4.452
54,point_outlier,2012-01-18,1625,7.588
54,point_outlier,2012-05-02,1595,6.914
54,point_outlier,2014-08-27,1040,4.991
54,point_outlier,2015-07-15,1305,4.216
54,point_outlier,2015-07-22,1700,9.115
54,point_outlier,2022-05-18,1340,4.452
54,point_outlier,2024-03-27,1475,8.768
54,regime_break,2018-12-26,,
55,point_outlier,2004-02-18,1150,4.216
55,point_outlier,2010-01-27,1070,5.396
55,point_outlier,2012-08-08,1500,6.745
55,point_outlier,2013-04-10,1415,5.733
55,point_outlier,2016-04-27,1410,5.396
55,point_outlier,2018-05-09,1615,5.059
55,point_outlier,2020-12-09,2000,4.721
55,point_outlier,2021-10-13,2350,4.384
55,point_outlier,2022-12-21,3230,4.721
55,point_outlier,2024-07-17,2225,4.959
55,regime_break,2017-06-07,,
56,regime_break,2025-11-05,,
57,point_outlier,2002-11-06,745,4.924
57,point_outlier,2020-02-19,1100,16.188
57,point_outlier,2024-04-24,2390,8.319
57,point_outlier,2024-05-01,2340,18.211
57,regime_break,2013-04-10,,
58,point_outlier,2002-08-21,1275,4.89
58,point_outlier,2002-10-09,1340,5.396
58,point_outlier,2005-03-09,2115,4.721
58,point_outlier,2006-07-26,2760,15.378
58,point_outlier,2007-08-29,1792,10.387
58,point_outlier,2009-08-19,1540,5.396
58,point_outlier,2009-08-26,1540,5.396
58,point_outlier,2011-10-05,2240,4.047
58,point_outlier,2012-02-22,1950,4.047
58,point_outlier,2014-09-24,2470,18.436
58,point_outlier,2015-06-24,2180,7.419
58,point_outlier,2015-07-01,2180,7.419
58,point_outlier,2018-06-13,2900,4.047
58,point_outlier,2019-12-11,2878,7.105
58,point_outlier,2020-05-06,3020,5.104
58,point_outlier,2021-01-20,2900,4.946
58,point_outlier,2022-03-09,2950,26.98
58,point_outlier,2022-03-16,2990,21.584
58,point_outlier,2023-12-13,3300,4.497
58,regime_break,2015-08-05,,
59,point_outlier,2002-05-08,1795,5.733
59,point_outlier,2002-09-25,1480,5.936
59,point_outlier,2003-08-27,1560,5.396
59,point_outlier,2005-06-15,1260,5.396
59,point_outlier,2007-06-20,1020,6.205
59,point_outlier,2008-07-02,1185,7.082
59,point_outlier,2013-11-13,550,7.285
59,point_outlier,2017-03-22,1440,4.047
59,point_outlier,2018-01-10,1244,4.452
59,point_outlier,2019-05-01,1480,20.235
59,point_outlier,2020-10-21,1340,7.419
59,point_outlier,2022-05-04,1390,4.721
59,point_outlier,2023-11-15,1281,17.672
59,point_outlier,2025-06-18,1870,5.666
59,regime_break,2005-10-26,,
6,regime_break,2024-11-13,,
60,point_outlier,2002-05-22,2040,4.272
60,point_outlier,2002-05-29,2175,6.408
60,point_outlier,2013-07-31,2200,4.67
60,point_outlier,2016-04-06,2050,12.815
60,point_outlier,2016-07-06,2100,5.396
60,point_outlier,2017-06-14,1660,4.497
60,point_outlier,2017-08-09,2140,4.272
60,point_outlier,2017-09-13,2140,4.272
60,point_outlier,2018-01-03,2200,6.07
60,point_outlier,2020-11-04,2100,4.497
60,point_outlier,2021-06-09,1890,5.396
60,regime_break,2012-12-05,,
61,point_outlier,2007-01-01,12890,21.449
61,point_outlier,2010-05-01,15010,5.825
61,point_outlier,2013-04-01,15270,8.319
61,point_outlier,2016-01-01,13740,4.587
61,regime_break,2020-10-01,,
62,point_outlier,2013-09-25,103,4.047
62,regime_break,2021-03-10,,
63,regime_break,2021-03-10,,
64,point_outlier,2002-09-18,13938,6.825
64,point_outlier,2004-10-06,2060,9.578
64,point_outlier,2004-10-20,5775,17.86
64,point_outlier,2005-09-21,10617,42.267
64,point_outlier,2005-09-28,2780,17.537
64,point_outlier,2006-10-25,2300,4.506
64,point_outlier,2007-10-30,5406,7.32
64,point_outlier,2009-09-01,50000,14.839
64,point_outlier,2012-05-31,34500,6.07
64,point_outlier,2014-09-03,20000,21.522
64,point_outlier,2014-09-10,20000,18.211
64,point_outlier,2014-09-17,10040,7.876
64,point_outlier,2014-10-29,5350,5.497
64,point_outlier,2016-01-29,2200,7.942
64,point_outlier,2018-04-25,5935,11.871
64,point_outlier,2018-05-23,8535,4.197
64,point_outlier,2018-05-30,31250,8.73
64,point_outlier,2021-05-26,24595,11.389
64,point_outlier,2025-09-17,25000,20.351
64,regime_break,2009-11-06,,
65,point_outlier,2006-01-18,1650,5.986
65,point_outlier,2007-09-26,2275,4.539
65,point_outlier,2008-01-30,3680,6.443
65,point_outlier,2009-01-07,3506,4.112
65,point_outlier,2009-09-30,2153,5.951
65,point_outlier,2019-03-06,2490,4.047
65,point_outlier,2021-07-28,1130,4.122
65,point_outlier,2021-09-15,1250,9.274
65,point_outlier,2022-03-09,1860,4.818
65,point_outlier,2023-06-21,1688,7.475
65,point_outlier,2024-07-03,840,4.761
65,point_outlier,2025-07-09,675,8.383
65,regime_break,2010-04-21,,
66,point_outlier,2002-12-24,669,6.475
66,point_outlier,2004-04-14,755,12.366
66,point_outlier,2005-11-02,705,7.195
66,point_outlier,2006-10-11,1763,5.756
66,point_outlier,2007-10-24,1135,4.991
66,point_outlier,2008-11-05,980,4.047
66,point_outlier,2008-12-03,1225,8.6
66,point_outlier,2012-11-28,988,6.07
66,point_outlier,2013-11-13,1000,4.497
66,point_outlier,2015-07-22,1038,4.309
66,point_outlier,2018-10-10,1132,6.273
66,point_outlier,2019-09-18,1340,5.396
66,point_outlier,2020-03-18,1528,11.736
66,point_outlier,2024-07-24,1930,8.364
66,regime_break,2014-11-05,,
67,point_outlier,2005-12-28,938,4.272
67,point_outlier,2009-08-05,1480,8.319
67,point_outlier,2011-04-20,800,4.721
67,point_outlier,2012-08-22,1750,4.384
67,point_outlier,2012-10-31,1185,4.553
67,point_outlier,2017-03-22,838,4.637
67,point_outlier,2017-06-14,1280,4.721
67,regime_break,2012-03-21,,
68,point_outlier,2002-05-22,2425,5.059
68,point_outlier,2006-04-12,2100,4.497
68,point_outlier,2009-01-28,2110,4.721
68,point_outlier,2013-07-10,3200,4.047
68,point_outlier,2015-10-28,2200,5.436
68,point_outlier,2015-11-04,1920,5.396
68,point_outlier,2016-08-03,1995,6.239
68,point_outlier,2016-09-14,2015,6.567
68,point_outlier,2017-08-02,1570,6.428
68,point_outlier,2017-11-15,2006,5.234
68,point_outlier,2018-02-07,1788,5.261
68,point_outlier,2018-12-19,1920,4.974
68,point_outlier,2020-01-29,3100,5.171
68,point_outlier,2020-06-24,4070,13.625
68,point_outlier,2021-09-29,2600,4.047
68,regime_break,2013-05-29,,
69,point_outlier,2006-12-06,696,4.182
69,point_outlier,2009-01-21,462,4.991
69,point_outlier,2011-05-25,504,8.768
69,point_outlier,2014-08-13,696,4.047
69,point_outlier,2019-11-13,926,4.384
69,regime_break,2014-04-16,,
7,point_outlier,2004-06-02,912,6.07
7,point_outlier,2012-08-08,865,8.937
7,point_outlier,2013-06-05,975,4.452
7,point_outlier,2013-07-31,935,7.757
7,point_outlier,2015-11-04,1054,5.059
7,point_outlier,2017-07-10,910,6.97
7,point_outlier,2017-08-30,812,7.195
7,point_outlier,2017-09-05,805,7.082
7,point_outlier,2018-04-18,840,4.519
7,point_outlier,2019-01-22,945,4.721
7,point_outlier,2020-10-07,884,27.519
7,point_outlier,2021-03-10,791,15.759
7,point_outlier,2021-06-15,1171,12.096
7,point_outlier,2021-11-10,1293,7.195
7,point_outlier,2021-12-01,863,5.508
7,point_outlier,2023-07-12,1083,6.528
7,point_outlier,2025-09-17,1406,4.527
7,regime_break,2012-09-04,,
70,point_outlier,2001-08-29,1615,5.621
70,point_outlier,2002-06-26,1300,4.272
70,point_outlier,2005-01-12,1170,4.371
70,point_outlier,2005-10-19,1205,20.235
70,point_outlier,2005-12-14,1193,5.096
70,point_outlier,2005-12-21,1275,5.059
70,point_outlier,2007-03-21,1573,6.655
70,point_outlier,2007-09-19,1300,7.987
70,point_outlier,2007-09-26,1305,7.81
70,point_outlier,2008-05-28,1038,5.621
70,point_outlier,2008-11-12,1450,4.352
70,point_outlier,2009-04-08,1310,5.666
70,point_outlier,2012-08-22,1820,7.419
70,point_outlier,2012-08-29,1860,6.07
70,point_outlier,2014-08-13,2190,18.211
70,point_outlier,2019-04-24,1710,8.768
70,regime_break,2014-04-02,,
71,regime_break,2025-11-05,,
72,point_outlier,2006-05-03,1240,4.384
72,point_outlier,2015-05-13,1395,4.811
72,point_outlier,2015-08-12,1545,5.261
72,point_outlier,2016-02-24,1318,5.126
72,point_outlier,2016-11-09,1025,8.431
72,point_outlier,2018-05-30,1650,4.047
72,point_outlier,2019-04-17,1760,4.384
72,point_outlier,2019-07-10,1550,4.721
72,point_outlier,2020-03-04,2100,5.995
72,point_outlier,2021-09-15,2860,8.094
72,point_outlier,2024-07-17,1200,16.188
72,point_outlier,2026-06-24,1500,10.117
72,regime_break,2017-05-24,,
73,point_outlier,2003-02-26,813,8.431
73,point_outlier,2003-04-30,750,4.216
73,point_outlier,2005-04-27,880,8.684
73,point_outlier,2005-05-04,910,6.155
73,point_outlier,2010-10-06,1815,6.745
73,point_outlier,2010-10-13,1844,4.789
73,regime_break,2017-10-25,,
77,point_outlier,2003-04-09,286,21.246
77,point_outlier,2003-06-25,63,4.583
77,point_outlier,2004-09-22,395,5.801
77,point_outlier,2005-09-14,325,10.117
77,point_outlier,2005-12-21,490,5.059
77,point_outlier,2006-03-01,419,10.888
77,point_outlier,2007-07-11,296,9.021
77,point_outlier,2011-02-02,269,5.059
77,point_outlier,2011-03-02,413,8.768
77,point_outlier,2011-03-23,348,4.806
77,point_outlier,2014-07-30,354,5.171
77,point_outlier,2018-06-27,47,4.047
77,point_outlier,2019-10-02,36,8.094
77,point_outlier,2023-08-30,3540,10.792
77,point_outlier,2025-12-02,7250,5.589
77,regime_break,2020-08-12,,
78,point_outlier,2006-08-16,126,4.047
78,point_outlier,2009-09-02,177,4.721
78,point_outlier,2014-10-22,463,4.047
78,point_outlier,2017-01-04,369,4.047
78,point_outlier,2018-10-24,457,5.733
78,point_outlier,2019-04-03,447,4.721
78,point_outlier,2019-05-08,475,5.396
78,point_outlier,2020-05-20,442,5.733
78,point_outlier,2020-06-17,402,4.721
78,point_outlier,2022-04-20,574,5.781
78,point_outlier,2022-08-10,555,4.047
78,point_outlier,2024-10-09,588,6.07
78,point_outlier,2025-10-01,550,4.272
78,point_outlier,2025-11-26,541,4.721
78,regime_break,2013-02-06,,
79,point_outlier,2025-07-01,322,4.047
8,point_outlier,2002-11-20,785,5.621
8,point_outlier,2012-02-15,950,5.227
8,point_outlier,2012-02-22,1000,6.745
8,point_outlier,2017-02-01,1325,4.65
8,point_outlier,2017-11-08,1513,5.621
8,point_outlier,2018-12-26,1450,9.443
8,point_outlier,2024-10-09,2768,5.18
8,point_outlier,2024-10-23,2260,7.015
8,point_outlier,2024-11-20,2465,6.273
8,point_outlier,2024-11-27,2450,12.815
8,point_outlier,2024-12-04,2450,12.815
8,point_outlier,2026-06-17,2200,8.768
8,regime_break,2013-08-28,,
80,point_outlier,2025-07-01,322,4.047
81,point_outlier,2025-07-01,322,4.047
82,point_outlier,2001-11-14,1788,7.554
82,point_outlier,2002-03-06,1025,9.106
82,point_outlier,2002-11-13,2219,4.267
82,point_outlier,2009-08-05,1923,6.901
82,point_outlier,2013-05-15,2165,7.869
82,point_outlier,2014-10-22,1785,7.987
82,point_outlier,2017-12-13,1145,4.521
82,point_outlier,2026-05-20,2500,4.075
82,point_outlier,2026-06-17,2100,6.794
82,regime_break,2015-08-26,,
83,point_outlier,2002-03-27,1083,5.396
83,point_outlier,2002-09-04,1238,11.129
83,point_outlier,2002-09-11,1363,11.054
83,point_outlier,2004-11-17,1225,6.07
83,point_outlier,2006-06-28,1465,5.974
83,point_outlier,2006-07-05,1385,4.432
83,point_outlier,2009-03-18,1135,6.07
83,point_outlier,2010-08-18,1225,8.319
83,point_outlier,2012-06-20,1250,4.946
83,point_outlier,2012-07-18,1120,23.607
83,point_outlier,2012-08-01,1085,6.295
83,point_outlier,2013-06-26,1285,4.497
83,point_outlier,2013-07-03,1225,6.745
83,point_outlier,2014-01-15,1380,4.151
83,point_outlier,2014-08-27,1293,9.443
83,point_outlier,2018-01-17,1450,8.094
83,point_outlier,2018-01-24,1380,25.855
83,point_outlier,2021-09-01,1700,7.869
83,point_outlier,2022-04-06,1588,4.654
83,point_outlier,2023-06-21,1663,5.621
83,regime_break,2013-01-02,,
85,point_outlier,2005-08-03,461,4.89
85,point_outlier,2008-06-11,641,4.047
85,point_outlier,2009-11-11,403,5.396
85,point_outlier,2012-08-22,559,4.721
85,point_outlier,2016-01-20,584,5.621
85,point_outlier,2019-12-04,498,4.047
85,point_outlier,2020-12-02,607,4.24
85,point_outlier,2024-11-06,799,4.047
85,regime_break,2014-02-26,,
86,regime_break,2026-01-14,,
87,regime_break,2025-03-19,,
88,regime_break,2025-01-22,,
89,point_outlier,2005-02-02,760,4.384
89,point_outlier,2007-07-18,1440,5.059
89,point_outlier,2011-02-16,2815,8.544
89,point_outlier,2014-05-21,1050,4.24
89,point_outlier,2017-10-18,1390,5.227
89,point_outlier,2018-03-21,1640,5.519
89,point_outlier,2019-03-13,1760,16.525
89,point_outlier,2019-05-15,1510,4.721
89,point_outlier,2019-06-05,1290,7.419
89,point_outlier,2023-06-21,1550,4.796
89,point_outlier,2024-02-14,1750,4.505
89,point_outlier,2025-08-27,2260,8.094
89,regime_break,2014-10-08,,
9,point_outlier,2002-01-16,1330,7.13
9,point_outlier,2002-05-22,2515,4.806
9,point_outlier,2004-08-18,1550,4.818
9,point_outlier,2007-05-02,2030,4.967
9,point_outlier,2013-08-14,2150,4.721
9,point_outlier,2014-04-02,1945,5.508
9,point_outlier,2014-04-09,1550,5.059
9,point_outlier,2016-10-12,1431,4.303
9,point_outlier,2018-03-28,1610,4.047
9,point_outlier,2018-10-10,1650,7.708
9,point_outlier,2020-01-08,2320,12.366
9,point_outlier,2020-01-15,2490,26.305
9,point_outlier,2021-08-04,2280,4.047
9,point_outlier,2022-09-07,3550,5.902
9,point_outlier,2025-04-09,2720,4.384
9,point_outlier,2025-10-08,1650,6.745
9,point_outlier,2025-12-23,3050,4.548
9,regime_break,2018-05-09,,
90,point_outlier,2025-04-01,1112,11.046
90,point_outlier,2025-07-01,464,4.292
91,point_outlier,2005-12-01,9920,4.216
91,point_outlier,2006-10-01,10200,7.869
91,regime_break,2007-11-01,,
92,point_outlier,2005-11-09,300,23.017
92,point_outlier,2005-11-23,361,17.07
92,point_outlier,2005-11-30,298,35.883
92,point_outlier,2006-07-12,15,4.047
92,point_outlier,2006-08-09,27,4.047
92,point_outlier,2007-03-21,44,4.047
92,point_outlier,2007-11-21,579,33.602
92,point_outlier,2008-02-06,267,26.193
92,point_outlier,2008-02-27,962,4.473
92,point_outlier,2008-03-05,1560,7.716
92,point_outlier,2008-03-26,698,111.797
92,point_outlier,2008-04-02,1033,337.245
92,point_outlier,2008-10-22,467,74.194
92,point_outlier,2008-11-26,102,6.661
92,point_outlier,2008-12-03,313,11.03
92,point_outlier,2009-03-04,207,6.229
92,point_outlier,2009-03-11,499,27.899
92,point_outlier,2009-03-18,150,25.631
92,point_outlier,2009-11-25,109,6.22
92,point_outlier,2010-07-28,97,17.537
92,point_outlier,2010-08-04,135,19.392
92,point_outlier,2010-09-01,235,48.114
92,point_outlier,2010-09-15,163,23.944
92,point_outlier,2011-05-11,289,17.941
92,point_outlier,2011-07-27,163,91.731
92,point_outlier,2011-08-24,332,41.684
92,point_outlier,2011-11-16,1038,17.778
92,point_outlier,2012-02-22,46,19.133
92,point_outlier,2012-02-29,48,4.475
92,point_outlier,2012-05-09,128,4.272
92,point_outlier,2012-06-20,268,55.533
92,point_outlier,2012-08-01,424,134.898
92,point_outlier,2012-08-08,374,118.036
92,point_outlier,2012-10-24,732,79.028
92,point_outlier,2012-10-31,264,26.418
92,point_outlier,2013-04-24,541,38.071
92,point_outlier,2014-04-16,300,93.417
92,point_outlier,2014-06-04,120,12.411
92,point_outlier,2014-06-11,241,23.944
92,point_outlier,2014-07-09,37,9.443
92,point_outlier,2014-07-16,33,6.745
92,point_outlier,2014-09-17,93,6.745
92,point_outlier,2014-11-12,397,4.359
92,point_outlier,2015-03-18,768,81.838
92,point_outlier,2015-05-06,103,4.476
92,point_outlier,2015-08-05,240,47.664
92,point_outlier,2015-12-30,245,6.199
92,point_outlier,2016-12-07,2195,5.427
92,point_outlier,2017-09-06,4694,6.372
92,point_outlier,2017-09-13,9955,20.723
92,point_outlier,2017-09-20,8975,6.313
92,point_outlier,2017-11-22,3970,4.553
92,point_outlier,2018-01-10,4020,4.796
92,point_outlier,2018-02-28,1810,5.227
92,point_outlier,2019-12-11,13110,4.967
92,point_outlier,2020-10-07,6660,6.644
92,point_outlier,2021-12-08,2800,4.384
92,point_outlier,2022-11-02,4845,16.621
92,point_outlier,2023-05-10,2900,5.853
92,regime_break,2015-12-31,,
93,regime_break,2023-08-14,,
99,point_outlier,2023-08-21,136,4.047
99,point_outlier,2024-03-11,118,9.443
99,point_outlier,2024-04-08,92,7.419
99,point_outlier,2024-04-15,91,8.094
99,regime_break,2023-07-17,,
