anchor_slug,neighbor_slug,shared_moves_k,anchor_total_n
acorn-squash,avocado,2,6
acorn-squash,bell-pepper,1,6
acorn-squash,butternut-squash,1,6
acorn-squash,cantaloupe,1,6
acorn-squash,corn-on-the-cob,1,6
acorn-squash,eggplant,1,6
acorn-squash,green-leaf-lettuce,1,6
acorn-squash,jalapeno,1,6
acorn-squash,kale,1,6
acorn-squash,lemon,1,6
acorn-squash,lime,1,6
acorn-squash,napa-cabbage,1,6
acorn-squash,raspberry,1,6
acorn-squash,red-onion,1,6
acorn-squash,red-potato,1,6
acorn-squash,ribeye,1,6
acorn-squash,serrano-pepper,1,6
acorn-squash,striploin,1,6
acorn-squash,vegetable-oil,1,6
acorn-squash,watermelon,1,6
apple,grapefruit,3,6
apple,broccoli,2,6
apple,lemon,2,6
apple,rutabaga,2,6
apple,avocado,1,6
apple,banana,1,6
apple,bell-pepper,1,6
apple,carrot,1,6
apple,eggplant,1,6
apple,green-onion,1,6
apple,onion,1,6
apple,russet-potato,1,6
apple,short-rib,1,6
apple,spinach,1,6
apple,tomato,1,6
artichoke,leek,3,6
artichoke,beef-tenderloin,2,6
artichoke,iceberg-lettuce,2,6
artichoke,kale,2,6
artichoke,okra,2,6
artichoke,butternut-squash,1,6
artichoke,cauliflower,1,6
artichoke,celery,1,6
artichoke,collard-greens,1,6
artichoke,cucumber,1,6
artichoke,eggplant,1,6
artichoke,garlic,1,6
artichoke,green-beans,1,6
artichoke,red-onion,1,6
artichoke,ribeye,1,6
artichoke,snow-peas,1,6
artichoke,tomato,1,6
artichoke,zucchini,1,6
asparagus,broccoli,2,6
asparagus,garlic,2,6
asparagus,watermelon,2,6
asparagus,bell-pepper,1,6
asparagus,brussels-sprouts,1,6
asparagus,cabbage,1,6
asparagus,cauliflower,1,6
asparagus,cheddar-cheese,1,6
asparagus,corn-on-the-cob,1,6
asparagus,green-leaf-lettuce,1,6
asparagus,ground-pork,1,6
asparagus,jalapeno,1,6
asparagus,kale,1,6
asparagus,lime,1,6
asparagus,napa-cabbage,1,6
asparagus,parsley,1,6
asparagus,pear,1,6
asparagus,poblano-pepper,1,6
asparagus,pork-shoulder,1,6
asparagus,red-leaf-lettuce,1,6
asparagus,red-onion,1,6
asparagus,red-potato,1,6
asparagus,ribeye,1,6
asparagus,romaine-lettuce,1,6
asparagus,spinach,1,6
asparagus,striploin,1,6
asparagus,zucchini,1,6
avocado,acorn-squash,2,6
avocado,bell-pepper,2,6
avocado,brussels-sprouts,2,6
avocado,carrot,2,6
avocado,snow-peas,2,6
avocado,apple,1,6
avocado,celery,1,6
avocado,eggplant,1,6
avocado,grapefruit,1,6
avocado,green-leaf-lettuce,1,6
avocado,pineapple,1,6
avocado,red-onion,1,6
avocado,red-potato,1,6
avocado,serrano-pepper,1,6
avocado,spinach,1,6
avocado,striploin,1,6
banana,apple,1,2
banana,beet,1,2
banana,broccoli,1,2
banana,eggplant,1,2
banana,lemon,1,2
beef-tenderloin,artichoke,2,6
beef-tenderloin,short-rib,2,6
beef-tenderloin,butter,1,6
beef-tenderloin,cauliflower,1,6
beef-tenderloin,cheddar-cheese,1,6
beef-tenderloin,cherry-tomato,1,6
beef-tenderloin,green-beans,1,6
beef-tenderloin,ground-pork,1,6
beef-tenderloin,iceberg-lettuce,1,6
beef-tenderloin,leek,1,6
beef-tenderloin,onion,1,6
beef-tenderloin,pork-loin,1,6
beef-tenderloin,pork-shoulder,1,6
beef-tenderloin,raspberry,1,6
beef-tenderloin,ribeye,1,6
beef-tenderloin,vegetable-oil,1,6
beef-tenderloin,yellow-squash,1,6
beet,celery,2,6
beet,cucumber,2,6
beet,okra,2,6
beet,pork-loin,2,6
beet,banana,1,6
beet,butter-lettuce,1,6
beet,butternut-squash,1,6
beet,corn-on-the-cob,1,6
beet,eggplant,1,6
beet,green-beans,1,6
beet,iceberg-lettuce,1,6
beet,lime,1,6
beet,onion,1,6
beet,raspberry,1,6
beet,red-leaf-lettuce,1,6
beet,red-onion,1,6
beet,romaine-lettuce,1,6
beet,striploin,1,6
beet,tomato,1,6
beet,zucchini,1,6
bell-pepper,avocado,2,6
bell-pepper,carrot,2,6
bell-pepper,cherry-tomato,2,6
bell-pepper,green-beans,2,6
bell-pepper,red-onion,2,6
bell-pepper,yellow-squash,2,6
bell-pepper,acorn-squash,1,6
bell-pepper,apple,1,6
bell-pepper,asparagus,1,6
bell-pepper,blueberry,1,6
bell-pepper,brussels-sprouts,1,6
bell-pepper,butter-lettuce,1,6
bell-pepper,cantaloupe,1,6
bell-pepper,corn-on-the-cob,1,6
bell-pepper,dill,1,6
bell-pepper,eggplant,1,6
bell-pepper,grapefruit,1,6
bell-pepper,green-leaf-lettuce,1,6
bell-pepper,ground-pork,1,6
bell-pepper,jalapeno,1,6
bell-pepper,lemon,1,6
bell-pepper,napa-cabbage,1,6
bell-pepper,onion,1,6
bell-pepper,pineapple,1,6
bell-pepper,pork-shoulder,1,6
bell-pepper,russet-potato,1,6
bell-pepper,rutabaga,1,6
bell-pepper,serrano-pepper,1,6
bell-pepper,snow-peas,1,6
bell-pepper,tomato,1,6
bell-pepper,vegetable-oil,1,6
bell-pepper,watermelon,1,6
bell-pepper,whole-chicken,1,6
blueberry,bell-pepper,1,6
blueberry,butter,1,6
blueberry,butter-lettuce,1,6
blueberry,butternut-squash,1,6
blueberry,cabbage,1,6
blueberry,cantaloupe,1,6
blueberry,cherry-tomato,1,6
blueberry,grapefruit,1,6
blueberry,green-onion,1,6
blueberry,kale,1,6
blueberry,napa-cabbage,1,6
blueberry,parsley,1,6
blueberry,pineapple,1,6
blueberry,pumpkin,1,6
blueberry,romaine-lettuce,1,6
blueberry,snow-peas,1,6
blueberry,tomato,1,6
blueberry,yellow-squash,1,6
bok-choy,cilantro,1,4
bok-choy,collard-greens,1,4
bok-choy,dill,1,4
bok-choy,ginger,1,4
bok-choy,whole-turkey,1,4
broccoli,cauliflower,3,6
broccoli,red-leaf-lettuce,3,6
broccoli,romaine-lettuce,3,6
broccoli,apple,2,6
broccoli,asparagus,2,6
broccoli,cabbage,2,6
broccoli,green-leaf-lettuce,2,6
broccoli,zucchini,2,6
broccoli,banana,1,6
broccoli,butter,1,6
broccoli,butter-lettuce,1,6
broccoli,carrot,1,6
broccoli,celery,1,6
broccoli,grapefruit,1,6
broccoli,iceberg-lettuce,1,6
broccoli,kale,1,6
broccoli,leek,1,6
broccoli,lemon,1,6
broccoli,napa-cabbage,1,6
broccoli,onion,1,6
broccoli,parsley,1,6
broccoli,poblano-pepper,1,6
broccoli,ribeye,1,6
broccoli,rutabaga,1,6
broccoli,short-rib,1,6
broccoli,spinach,1,6
broccoli,watermelon,1,6
brussels-sprouts,avocado,2,6
brussels-sprouts,napa-cabbage,2,6
brussels-sprouts,red-onion,2,6
brussels-sprouts,asparagus,1,6
brussels-sprouts,bell-pepper,1,6
brussels-sprouts,butternut-squash,1,6
brussels-sprouts,carrot,1,6
brussels-sprouts,celery,1,6
brussels-sprouts,cherry-tomato,1,6
brussels-sprouts,collard-greens,1,6
brussels-sprouts,corn-on-the-cob,1,6
brussels-sprouts,ginger,1,6
brussels-sprouts,grapefruit,1,6
brussels-sprouts,green-onion,1,6
brussels-sprouts,jalapeno,1,6
brussels-sprouts,kale,1,6
brussels-sprouts,leek,1,6
brussels-sprouts,lemon,1,6
brussels-sprouts,mint,1,6
brussels-sprouts,raspberry,1,6
brussels-sprouts,rutabaga,1,6
brussels-sprouts,serrano-pepper,1,6
brussels-sprouts,snow-peas,1,6
brussels-sprouts,striploin,1,6
brussels-sprouts,watermelon,1,6
brussels-sprouts,whole-chicken,1,6
butter,cheddar-cheese,2,5
butter,beef-tenderloin,1,5
butter,blueberry,1,5
butter,broccoli,1,5
butter,cabbage,1,5
butter,cantaloupe,1,5
butter,cauliflower,1,5
butter,cherry-tomato,1,5
butter,garlic,1,5
butter,grapefruit,1,5
butter,green-onion,1,5
butter,leek,1,5
butter,lemon,1,5
butter,snow-peas,1,5
butter,watermelon,1,5
butter-lettuce,green-leaf-lettuce,3,6
butter-lettuce,iceberg-lettuce,3,6
butter-lettuce,red-leaf-lettuce,3,6
butter-lettuce,cherry-tomato,2,6
butter-lettuce,cucumber,2,6
butter-lettuce,red-potato,2,6
butter-lettuce,romaine-lettuce,2,6
butter-lettuce,tomato,2,6
butter-lettuce,beet,1,6
butter-lettuce,bell-pepper,1,6
butter-lettuce,blueberry,1,6
butter-lettuce,broccoli,1,6
butter-lettuce,butternut-squash,1,6
butter-lettuce,cantaloupe,1,6
butter-lettuce,collard-greens,1,6
butter-lettuce,green-onion,1,6
butter-lettuce,habanero-pepper,1,6
butter-lettuce,leek,1,6
butter-lettuce,onion,1,6
butter-lettuce,red-onion,1,6
butter-lettuce,serrano-pepper,1,6
butter-lettuce,short-rib,1,6
butter-lettuce,spinach,1,6
butternut-squash,red-onion,3,6
butternut-squash,celery,2,6
butternut-squash,collard-greens,2,6
butternut-squash,eggplant,2,6
butternut-squash,jalapeno,2,6
butternut-squash,kale,2,6
butternut-squash,acorn-squash,1,6
butternut-squash,artichoke,1,6
butternut-squash,beet,1,6
butternut-squash,blueberry,1,6
butternut-squash,brussels-sprouts,1,6
butternut-squash,butter-lettuce,1,6
butternut-squash,cabbage,1,6
butternut-squash,cantaloupe,1,6
butternut-squash,cucumber,1,6
butternut-squash,eggs,1,6
butternut-squash,leek,1,6
butternut-squash,onion,1,6
butternut-squash,pear,1,6
butternut-squash,red-potato,1,6
butternut-squash,ribeye,1,6
butternut-squash,vegetable-oil,1,6
cabbage,kale,3,6
cabbage,broccoli,2,6
cabbage,jalapeno,2,6
cabbage,pineapple,2,6
cabbage,watermelon,2,6
cabbage,zucchini,2,6
cabbage,asparagus,1,6
cabbage,blueberry,1,6
cabbage,butter,1,6
cabbage,butternut-squash,1,6
cabbage,cauliflower,1,6
cabbage,celery,1,6
cabbage,collard-greens,1,6
cabbage,eggplant,1,6
cabbage,leek,1,6
cabbage,poblano-pepper,1,6
cabbage,pumpkin,1,6
cabbage,red-leaf-lettuce,1,6
cabbage,red-onion,1,6
cabbage,romaine-lettuce,1,6
cabbage,spinach,1,6
cabbage,tomato,1,6
cabbage,yellow-squash,1,6
cantaloupe,cherry-tomato,2,6
cantaloupe,lemon,2,6
cantaloupe,tomato,2,6
cantaloupe,acorn-squash,1,6
cantaloupe,bell-pepper,1,6
cantaloupe,blueberry,1,6
cantaloupe,butter,1,6
cantaloupe,butter-lettuce,1,6
cantaloupe,butternut-squash,1,6
cantaloupe,cauliflower,1,6
cantaloupe,celery,1,6
cantaloupe,corn-on-the-cob,1,6
cantaloupe,eggs,1,6
cantaloupe,garlic,1,6
cantaloupe,parsley,1,6
cantaloupe,pear,1,6
cantaloupe,pork-loin,1,6
cantaloupe,ribeye,1,6
cantaloupe,snow-peas,1,6
cantaloupe,watermelon,1,6
carrot,rutabaga,4,6
carrot,avocado,2,6
carrot,bell-pepper,2,6
carrot,grapefruit,2,6
carrot,green-beans,2,6
carrot,pear,2,6
carrot,russet-potato,2,6
carrot,vegetable-oil,2,6
carrot,apple,1,6
carrot,broccoli,1,6
carrot,brussels-sprouts,1,6
carrot,cauliflower,1,6
carrot,cherry-tomato,1,6
carrot,chicken-breast,1,6
carrot,chicken-thigh,1,6
carrot,dill,1,6
carrot,green-leaf-lettuce,1,6
carrot,jalapeno,1,6
carrot,leek,1,6
carrot,lemon,1,6
carrot,poblano-pepper,1,6
carrot,short-rib,1,6
carrot,spinach,1,6
carrot,tomato,1,6
cauliflower,broccoli,3,6
cauliflower,iceberg-lettuce,2,6
cauliflower,leek,2,6
cauliflower,zucchini,2,6
cauliflower,artichoke,1,6
cauliflower,asparagus,1,6
cauliflower,beef-tenderloin,1,6
cauliflower,butter,1,6
cauliflower,cabbage,1,6
cauliflower,cantaloupe,1,6
cauliflower,carrot,1,6
cauliflower,celery,1,6
cauliflower,corn-on-the-cob,1,6
cauliflower,green-leaf-lettuce,1,6
cauliflower,lemon,1,6
cauliflower,lime,1,6
cauliflower,napa-cabbage,1,6
cauliflower,parsley,1,6
cauliflower,pear,1,6
cauliflower,red-leaf-lettuce,1,6
cauliflower,ribeye,1,6
cauliflower,romaine-lettuce,1,6
cauliflower,rutabaga,1,6
cauliflower,snow-peas,1,6
cauliflower,striploin,1,6
celery,beet,2,6
celery,butternut-squash,2,6
celery,cucumber,2,6
celery,eggplant,2,6
celery,iceberg-lettuce,2,6
celery,okra,2,6
celery,red-leaf-lettuce,2,6
celery,romaine-lettuce,2,6
celery,artichoke,1,6
celery,avocado,1,6
celery,broccoli,1,6
celery,brussels-sprouts,1,6
celery,cabbage,1,6
celery,cantaloupe,1,6
celery,cauliflower,1,6
celery,collard-greens,1,6
celery,corn-on-the-cob,1,6
celery,green-beans,1,6
celery,green-leaf-lettuce,1,6
celery,habanero-pepper,1,6
celery,jalapeno,1,6
celery,leek,1,6
celery,lime,1,6
celery,napa-cabbage,1,6
celery,parsley,1,6
celery,pear,1,6
celery,poblano-pepper,1,6
celery,raspberry,1,6
celery,red-onion,1,6
celery,red-potato,1,6
celery,ribeye,1,6
celery,snow-peas,1,6
celery,zucchini,1,6
cheddar-cheese,butter,2,5
cheddar-cheese,asparagus,1,5
cheddar-cheese,beef-tenderloin,1,5
cheddar-cheese,grapefruit,1,5
cheddar-cheese,poblano-pepper,1,5
cheddar-cheese,russet-potato,1,5
cherry-tomato,yellow-squash,4,6
cherry-tomato,green-beans,3,6
cherry-tomato,tomato,3,6
cherry-tomato,bell-pepper,2,6
cherry-tomato,butter-lettuce,2,6
cherry-tomato,cantaloupe,2,6
cherry-tomato,jalapeno,2,6
cherry-tomato,watermelon,2,6
cherry-tomato,beef-tenderloin,1,6
cherry-tomato,blueberry,1,6
cherry-tomato,brussels-sprouts,1,6
cherry-tomato,butter,1,6
cherry-tomato,carrot,1,6
cherry-tomato,chicken-breast,1,6
cherry-tomato,chicken-thigh,1,6
cherry-tomato,corn-on-the-cob,1,6
cherry-tomato,cucumber,1,6
cherry-tomato,dill,1,6
cherry-tomato,garlic,1,6
cherry-tomato,habanero-pepper,1,6
cherry-tomato,kale,1,6
cherry-tomato,napa-cabbage,1,6
cherry-tomato,poblano-pepper,1,6
cherry-tomato,red-onion,1,6
cherry-tomato,short-rib,1,6
cherry-tomato,snow-peas,1,6
cherry-tomato,spinach,1,6
cherry-tomato,vegetable-oil,1,6
cherry-tomato,zucchini,1,6
chicken-breast,chicken-thigh,5,6
chicken-breast,collard-greens,2,6
chicken-breast,dill,2,6
chicken-breast,green-onion,2,6
chicken-breast,carrot,1,6
chicken-breast,cherry-tomato,1,6
chicken-breast,eggs,1,6
chicken-breast,green-beans,1,6
chicken-breast,ground-pork,1,6
chicken-breast,jalapeno,1,6
chicken-breast,poblano-pepper,1,6
chicken-breast,pork-shoulder,1,6
chicken-breast,russet-potato,1,6
chicken-breast,spinach,1,6
chicken-breast,tomato,1,6
chicken-breast,vegetable-oil,1,6
chicken-thigh,chicken-breast,5,5
chicken-thigh,dill,2,5
chicken-thigh,carrot,1,5
chicken-thigh,cherry-tomato,1,5
chicken-thigh,collard-greens,1,5
chicken-thigh,daikon,1,5
chicken-thigh,eggs,1,5
chicken-thigh,green-onion,1,5
chicken-thigh,ground-pork,1,5
chicken-thigh,jalapeno,1,5
chicken-thigh,poblano-pepper,1,5
chicken-thigh,pork-shoulder,1,5
chicken-thigh,russet-potato,1,5
chicken-thigh,tomato,1,5
chicken-thigh,vegetable-oil,1,5
cilantro,bok-choy,1,1
cilantro,dill,1,1
collard-greens,leek,3,6
collard-greens,butternut-squash,2,6
collard-greens,chicken-breast,2,6
collard-greens,eggplant,2,6
collard-greens,kale,2,6
collard-greens,red-onion,2,6
collard-greens,serrano-pepper,2,6
collard-greens,artichoke,1,6
collard-greens,bok-choy,1,6
collard-greens,brussels-sprouts,1,6
collard-greens,butter-lettuce,1,6
collard-greens,cabbage,1,6
collard-greens,celery,1,6
collard-greens,chicken-thigh,1,6
collard-greens,dill,1,6
collard-greens,eggs,1,6
collard-greens,ginger,1,6
collard-greens,green-leaf-lettuce,1,6
collard-greens,green-onion,1,6
collard-greens,ground-pork,1,6
collard-greens,jalapeno,1,6
collard-greens,napa-cabbage,1,6
collard-greens,pear,1,6
collard-greens,pork-shoulder,1,6
collard-greens,striploin,1,6
corn-on-the-cob,jalapeno,2,6
corn-on-the-cob,lime,2,6
corn-on-the-cob,acorn-squash,1,6
corn-on-the-cob,asparagus,1,6
corn-on-the-cob,beet,1,6
corn-on-the-cob,bell-pepper,1,6
corn-on-the-cob,brussels-sprouts,1,6
corn-on-the-cob,cantaloupe,1,6
corn-on-the-cob,cauliflower,1,6
corn-on-the-cob,celery,1,6
corn-on-the-cob,cherry-tomato,1,6
corn-on-the-cob,cucumber,1,6
corn-on-the-cob,eggplant,1,6
corn-on-the-cob,garlic,1,6
corn-on-the-cob,green-beans,1,6
corn-on-the-cob,iceberg-lettuce,1,6
corn-on-the-cob,kale,1,6
corn-on-the-cob,napa-cabbage,1,6
corn-on-the-cob,parsley,1,6
corn-on-the-cob,raspberry,1,6
corn-on-the-cob,red-leaf-lettuce,1,6
corn-on-the-cob,red-onion,1,6
corn-on-the-cob,romaine-lettuce,1,6
corn-on-the-cob,serrano-pepper,1,6
corn-on-the-cob,snow-peas,1,6
corn-on-the-cob,tomato,1,6
corn-on-the-cob,watermelon,1,6
corn-on-the-cob,yellow-squash,1,6
corn-on-the-cob,zucchini,1,6
cucumber,zucchini,3,6
cucumber,beet,2,6
cucumber,butter-lettuce,2,6
cucumber,celery,2,6
cucumber,iceberg-lettuce,2,6
cucumber,red-leaf-lettuce,2,6
cucumber,romaine-lettuce,2,6
cucumber,tomato,2,6
cucumber,artichoke,1,6
cucumber,butternut-squash,1,6
cucumber,cherry-tomato,1,6
cucumber,corn-on-the-cob,1,6
cucumber,eggplant,1,6
cucumber,green-beans,1,6
cucumber,green-leaf-lettuce,1,6
cucumber,green-onion,1,6
cucumber,habanero-pepper,1,6
cucumber,leek,1,6
cucumber,lemon,1,6
cucumber,lime,1,6
cucumber,okra,1,6
cucumber,onion,1,6
cucumber,parsley,1,6
cucumber,red-onion,1,6
cucumber,russet-potato,1,6
cucumber,yellow-squash,1,6
daikon,chicken-thigh,1,1
daikon,eggs,1,1
dill,chicken-breast,2,5
dill,chicken-thigh,2,5
dill,bell-pepper,1,5
dill,bok-choy,1,5
dill,carrot,1,5
dill,cherry-tomato,1,5
dill,cilantro,1,5
dill,collard-greens,1,5
dill,ground-pork,1,5
dill,jalapeno,1,5
dill,lemon,1,5
dill,poblano-pepper,1,5
dill,pork-shoulder,1,5
dill,tomato,1,5
dill,vegetable-oil,1,5
eggplant,red-onion,3,6
eggplant,butternut-squash,2,6
eggplant,celery,2,6
eggplant,collard-greens,2,6
eggplant,kale,2,6
eggplant,leek,2,6
eggplant,acorn-squash,1,6
eggplant,apple,1,6
eggplant,artichoke,1,6
eggplant,avocado,1,6
eggplant,banana,1,6
eggplant,beet,1,6
eggplant,bell-pepper,1,6
eggplant,cabbage,1,6
eggplant,corn-on-the-cob,1,6
eggplant,cucumber,1,6
eggplant,garlic,1,6
eggplant,iceberg-lettuce,1,6
eggplant,jalapeno,1,6
eggplant,lime,1,6
eggplant,parsley,1,6
eggplant,pumpkin,1,6
eggplant,red-leaf-lettuce,1,6
eggplant,romaine-lettuce,1,6
eggplant,serrano-pepper,1,6
eggplant,short-rib,1,6
eggplant,snow-peas,1,6
eggplant,tomato,1,6
eggplant,zucchini,1,6
eggs,butternut-squash,1,4
eggs,cantaloupe,1,4
eggs,chicken-breast,1,4
eggs,chicken-thigh,1,4
eggs,collard-greens,1,4
eggs,daikon,1,4
eggs,pear,1,4
garlic,asparagus,2,6
garlic,ribeye,2,6
garlic,artichoke,1,6
garlic,butter,1,6
garlic,cantaloupe,1,6
garlic,cherry-tomato,1,6
garlic,corn-on-the-cob,1,6
garlic,eggplant,1,6
garlic,ground-pork,1,6
garlic,jalapeno,1,6
garlic,lemon,1,6
garlic,napa-cabbage,1,6
garlic,pear,1,6
garlic,pork-loin,1,6
garlic,pork-shoulder,1,6
garlic,red-potato,1,6
garlic,serrano-pepper,1,6
garlic,snow-peas,1,6
garlic,striploin,1,6
garlic,watermelon,1,6
ginger,bok-choy,1,3
ginger,brussels-sprouts,1,3
ginger,collard-greens,1,3
ginger,green-beans,1,3
ginger,green-onion,1,3
ginger,mint,1,3
ginger,raspberry,1,3
ginger,spinach,1,3
ginger,whole-chicken,1,3
grapefruit,apple,3,6
grapefruit,carrot,2,6
grapefruit,lemon,2,6
grapefruit,rutabaga,2,6
grapefruit,avocado,1,6
grapefruit,bell-pepper,1,6
grapefruit,blueberry,1,6
grapefruit,broccoli,1,6
grapefruit,brussels-sprouts,1,6
grapefruit,butter,1,6
grapefruit,cheddar-cheese,1,6
grapefruit,green-leaf-lettuce,1,6
grapefruit,green-onion,1,6
grapefruit,napa-cabbage,1,6
grapefruit,pumpkin,1,6
grapefruit,romaine-lettuce,1,6
grapefruit,serrano-pepper,1,6
grapefruit,snow-peas,1,6
grapefruit,tomato,1,6
green-beans,cherry-tomato,3,6
green-beans,bell-pepper,2,6
green-beans,carrot,2,6
green-beans,okra,2,6
green-beans,watermelon,2,6
green-beans,yellow-squash,2,6
green-beans,zucchini,2,6
green-beans,artichoke,1,6
green-beans,beef-tenderloin,1,6
green-beans,beet,1,6
green-beans,celery,1,6
green-beans,chicken-breast,1,6
green-beans,corn-on-the-cob,1,6
green-beans,cucumber,1,6
green-beans,ginger,1,6
green-beans,habanero-pepper,1,6
green-beans,iceberg-lettuce,1,6
green-beans,jalapeno,1,6
green-beans,lime,1,6
green-beans,napa-cabbage,1,6
green-beans,poblano-pepper,1,6
green-beans,raspberry,1,6
green-beans,red-leaf-lettuce,1,6
green-beans,romaine-lettuce,1,6
green-beans,russet-potato,1,6
green-beans,short-rib,1,6
green-beans,spinach,1,6
green-beans,tomato,1,6
green-beans,vegetable-oil,1,6
green-beans,whole-chicken,1,6
green-leaf-lettuce,iceberg-lettuce,4,6
green-leaf-lettuce,red-leaf-lettuce,4,6
green-leaf-lettuce,butter-lettuce,3,6
green-leaf-lettuce,romaine-lettuce,3,6
green-leaf-lettuce,broccoli,2,6
green-leaf-lettuce,napa-cabbage,2,6
green-leaf-lettuce,acorn-squash,1,6
green-leaf-lettuce,asparagus,1,6
green-leaf-lettuce,avocado,1,6
green-leaf-lettuce,bell-pepper,1,6
green-leaf-lettuce,carrot,1,6
green-leaf-lettuce,cauliflower,1,6
green-leaf-lettuce,celery,1,6
green-leaf-lettuce,collard-greens,1,6
green-leaf-lettuce,cucumber,1,6
green-leaf-lettuce,grapefruit,1,6
green-leaf-lettuce,green-onion,1,6
green-leaf-lettuce,leek,1,6
green-leaf-lettuce,parsley,1,6
green-leaf-lettuce,red-potato,1,6
green-leaf-lettuce,serrano-pepper,1,6
green-leaf-lettuce,spinach,1,6
green-leaf-lettuce,tomato,1,6
green-onion,chicken-breast,2,6
green-onion,serrano-pepper,2,6
green-onion,apple,1,6
green-onion,blueberry,1,6
green-onion,brussels-sprouts,1,6
green-onion,butter,1,6
green-onion,butter-lettuce,1,6
green-onion,chicken-thigh,1,6
green-onion,collard-greens,1,6
green-onion,cucumber,1,6
green-onion,ginger,1,6
green-onion,grapefruit,1,6
green-onion,green-leaf-lettuce,1,6
green-onion,habanero-pepper,1,6
green-onion,iceberg-lettuce,1,6
green-onion,leek,1,6
green-onion,mint,1,6
green-onion,raspberry,1,6
green-onion,red-leaf-lettuce,1,6
green-onion,russet-potato,1,6
green-onion,spinach,1,6
green-onion,tomato,1,6
green-onion,whole-chicken,1,6
ground-pork,pork-shoulder,6,6
ground-pork,pork-loin,2,6
ground-pork,striploin,2,6
ground-pork,asparagus,1,6
ground-pork,beef-tenderloin,1,6
ground-pork,bell-pepper,1,6
ground-pork,chicken-breast,1,6
ground-pork,chicken-thigh,1,6
ground-pork,collard-greens,1,6
ground-pork,dill,1,6
ground-pork,garlic,1,6
ground-pork,napa-cabbage,1,6
ground-pork,red-potato,1,6
ground-pork,ribeye,1,6
ground-pork,vegetable-oil,1,6
habanero-pepper,yellow-squash,2,6
habanero-pepper,butter-lettuce,1,6
habanero-pepper,celery,1,6
habanero-pepper,cherry-tomato,1,6
habanero-pepper,cucumber,1,6
habanero-pepper,green-beans,1,6
habanero-pepper,green-onion,1,6
habanero-pepper,raspberry,1,6
habanero-pepper,serrano-pepper,1,6
habanero-pepper,watermelon,1,6
habanero-pepper,zucchini,1,6
iceberg-lettuce,red-leaf-lettuce,5,6
iceberg-lettuce,green-leaf-lettuce,4,6
iceberg-lettuce,romaine-lettuce,4,6
iceberg-lettuce,butter-lettuce,3,6
iceberg-lettuce,artichoke,2,6
iceberg-lettuce,cauliflower,2,6
iceberg-lettuce,celery,2,6
iceberg-lettuce,cucumber,2,6
iceberg-lettuce,leek,2,6
iceberg-lettuce,tomato,2,6
iceberg-lettuce,beef-tenderloin,1,6
iceberg-lettuce,beet,1,6
iceberg-lettuce,broccoli,1,6
iceberg-lettuce,corn-on-the-cob,1,6
iceberg-lettuce,eggplant,1,6
iceberg-lettuce,green-beans,1,6
iceberg-lettuce,green-onion,1,6
iceberg-lettuce,lime,1,6
iceberg-lettuce,napa-cabbage,1,6
iceberg-lettuce,okra,1,6
iceberg-lettuce,parsley,1,6
iceberg-lettuce,raspberry,1,6
iceberg-lettuce,red-potato,1,6
iceberg-lettuce,ribeye,1,6
iceberg-lettuce,serrano-pepper,1,6
iceberg-lettuce,spinach,1,6
iceberg-lettuce,zucchini,1,6
jalapeno,butternut-squash,2,6
jalapeno,cabbage,2,6
jalapeno,cherry-tomato,2,6
jalapeno,corn-on-the-cob,2,6
jalapeno,poblano-pepper,2,6
jalapeno,red-onion,2,6
jalapeno,vegetable-oil,2,6
jalapeno,acorn-squash,1,6
jalapeno,asparagus,1,6
jalapeno,bell-pepper,1,6
jalapeno,brussels-sprouts,1,6
jalapeno,carrot,1,6
jalapeno,celery,1,6
jalapeno,chicken-breast,1,6
jalapeno,chicken-thigh,1,6
jalapeno,collard-greens,1,6
jalapeno,dill,1,6
jalapeno,eggplant,1,6
jalapeno,garlic,1,6
jalapeno,green-beans,1,6
jalapeno,kale,1,6
jalapeno,lime,1,6
jalapeno,napa-cabbage,1,6
jalapeno,parsley,1,6
jalapeno,ribeye,1,6
jalapeno,serrano-pepper,1,6
jalapeno,striploin,1,6
jalapeno,tomato,1,6
jalapeno,watermelon,1,6
jalapeno,yellow-squash,1,6
jalapeno,zucchini,1,6
kale,cabbage,3,6
kale,artichoke,2,6
kale,butternut-squash,2,6
kale,collard-greens,2,6
kale,eggplant,2,6
kale,leek,2,6
kale,red-onion,2,6
kale,acorn-squash,1,6
kale,asparagus,1,6
kale,blueberry,1,6
kale,broccoli,1,6
kale,brussels-sprouts,1,6
kale,cherry-tomato,1,6
kale,corn-on-the-cob,1,6
kale,jalapeno,1,6
kale,lime,1,6
kale,napa-cabbage,1,6
kale,raspberry,1,6
kale,red-leaf-lettuce,1,6
kale,romaine-lettuce,1,6
kale,serrano-pepper,1,6
kale,short-rib,1,6
kale,spinach,1,6
kale,watermelon,1,6
kale,zucchini,1,6
leek,artichoke,3,6
leek,collard-greens,3,6
leek,cauliflower,2,6
leek,eggplant,2,6
leek,iceberg-lettuce,2,6
leek,kale,2,6
leek,beef-tenderloin,1,6
leek,broccoli,1,6
leek,brussels-sprouts,1,6
leek,butter,1,6
leek,butter-lettuce,1,6
leek,butternut-squash,1,6
leek,cabbage,1,6
leek,carrot,1,6
leek,celery,1,6
leek,cucumber,1,6
leek,green-leaf-lettuce,1,6
leek,green-onion,1,6
leek,pear,1,6
leek,red-leaf-lettuce,1,6
leek,red-onion,1,6
leek,ribeye,1,6
leek,russet-potato,1,6
leek,rutabaga,1,6
leek,serrano-pepper,1,6
leek,spinach,1,6
leek,zucchini,1,6
lemon,apple,2,6
lemon,cantaloupe,2,6
lemon,grapefruit,2,6
lemon,rutabaga,2,6
lemon,acorn-squash,1,6
lemon,banana,1,6
lemon,bell-pepper,1,6
lemon,broccoli,1,6
lemon,brussels-sprouts,1,6
lemon,butter,1,6
lemon,carrot,1,6
lemon,cauliflower,1,6
lemon,cucumber,1,6
lemon,dill,1,6
lemon,garlic,1,6
lemon,onion,1,6
lemon,pumpkin,1,6
lemon,red-potato,1,6
lemon,russet-potato,1,6
lime,corn-on-the-cob,2,6
lime,acorn-squash,1,6
lime,asparagus,1,6
lime,beet,1,6
lime,cauliflower,1,6
lime,celery,1,6
lime,cucumber,1,6
lime,eggplant,1,6
lime,green-beans,1,6
lime,iceberg-lettuce,1,6
lime,jalapeno,1,6
lime,kale,1,6
lime,napa-cabbage,1,6
lime,okra,1,6
lime,pear,1,6
lime,poblano-pepper,1,6
lime,pork-loin,1,6
lime,raspberry,1,6
lime,red-leaf-lettuce,1,6
lime,ribeye,1,6
lime,romaine-lettuce,1,6
lime,striploin,1,6
lime,zucchini,1,6
mint,brussels-sprouts,1,1
mint,ginger,1,1
mint,green-onion,1,1
mint,raspberry,1,1
mint,whole-chicken,1,1
napa-cabbage,brussels-sprouts,2,6
napa-cabbage,green-leaf-lettuce,2,6
napa-cabbage,red-onion,2,6
napa-cabbage,ribeye,2,6
napa-cabbage,romaine-lettuce,2,6
napa-cabbage,acorn-squash,1,6
napa-cabbage,asparagus,1,6
napa-cabbage,bell-pepper,1,6
napa-cabbage,blueberry,1,6
napa-cabbage,broccoli,1,6
napa-cabbage,cauliflower,1,6
napa-cabbage,celery,1,6
napa-cabbage,cherry-tomato,1,6
napa-cabbage,collard-greens,1,6
napa-cabbage,corn-on-the-cob,1,6
napa-cabbage,garlic,1,6
napa-cabbage,grapefruit,1,6
napa-cabbage,green-beans,1,6
napa-cabbage,ground-pork,1,6
napa-cabbage,iceberg-lettuce,1,6
napa-cabbage,jalapeno,1,6
napa-cabbage,kale,1,6
napa-cabbage,lime,1,6
napa-cabbage,parsley,1,6
napa-cabbage,poblano-pepper,1,6
napa-cabbage,pork-loin,1,6
napa-cabbage,pork-shoulder,1,6
napa-cabbage,red-leaf-lettuce,1,6
napa-cabbage,red-potato,1,6
napa-cabbage,serrano-pepper,1,6
napa-cabbage,striploin,1,6
napa-cabbage,watermelon,1,6
okra,artichoke,2,6
okra,beet,2,6
okra,celery,2,6
okra,green-beans,2,6
okra,zucchini,2,6
okra,cucumber,1,6
okra,iceberg-lettuce,1,6
okra,lime,1,6
okra,poblano-pepper,1,6
okra,raspberry,1,6
okra,red-leaf-lettuce,1,6
okra,romaine-lettuce,1,6
okra,watermelon,1,6
onion,short-rib,3,6
onion,pineapple,2,6
onion,pumpkin,2,6
onion,red-potato,2,6
onion,russet-potato,2,6
onion,apple,1,6
onion,beef-tenderloin,1,6
onion,beet,1,6
onion,bell-pepper,1,6
onion,broccoli,1,6
onion,butter-lettuce,1,6
onion,butternut-squash,1,6
onion,cucumber,1,6
onion,lemon,1,6
onion,pork-loin,1,6
onion,red-onion,1,6
onion,whole-chicken,1,6
parsley,romaine-lettuce,2,6
parsley,asparagus,1,6
parsley,blueberry,1,6
parsley,broccoli,1,6
parsley,cantaloupe,1,6
parsley,cauliflower,1,6
parsley,celery,1,6
parsley,corn-on-the-cob,1,6
parsley,cucumber,1,6
parsley,eggplant,1,6
parsley,green-leaf-lettuce,1,6
parsley,iceberg-lettuce,1,6
parsley,jalapeno,1,6
parsley,napa-cabbage,1,6
parsley,pear,1,6
parsley,pork-loin,1,6
parsley,pumpkin,1,6
parsley,raspberry,1,6
parsley,red-leaf-lettuce,1,6
parsley,red-onion,1,6
parsley,ribeye,1,6
parsley,striploin,1,6
parsley,tomato,1,6
parsley,watermelon,1,6
parsley,yellow-squash,1,6
pear,carrot,2,6
pear,rutabaga,2,6
pear,asparagus,1,6
pear,butternut-squash,1,6
pear,cantaloupe,1,6
pear,cauliflower,1,6
pear,celery,1,6
pear,collard-greens,1,6
pear,eggs,1,6
pear,garlic,1,6
pear,leek,1,6
pear,lime,1,6
pear,parsley,1,6
pear,russet-potato,1,6
pear,striploin,1,6
pineapple,cabbage,2,6
pineapple,onion,2,6
pineapple,avocado,1,6
pineapple,bell-pepper,1,6
pineapple,blueberry,1,6
pineapple,pumpkin,1,6
pineapple,whole-chicken,1,6
poblano-pepper,jalapeno,2,6
poblano-pepper,spinach,2,6
poblano-pepper,asparagus,1,6
poblano-pepper,broccoli,1,6
poblano-pepper,cabbage,1,6
poblano-pepper,carrot,1,6
poblano-pepper,celery,1,6
poblano-pepper,cheddar-cheese,1,6
poblano-pepper,cherry-tomato,1,6
poblano-pepper,chicken-breast,1,6
poblano-pepper,chicken-thigh,1,6
poblano-pepper,dill,1,6
poblano-pepper,green-beans,1,6
poblano-pepper,lime,1,6
poblano-pepper,napa-cabbage,1,6
poblano-pepper,okra,1,6
poblano-pepper,pork-loin,1,6
poblano-pepper,red-leaf-lettuce,1,6
poblano-pepper,tomato,1,6
poblano-pepper,vegetable-oil,1,6
poblano-pepper,zucchini,1,6
pork-loin,beet,2,6
pork-loin,ground-pork,2,6
pork-loin,pork-shoulder,2,6
pork-loin,ribeye,2,6
pork-loin,striploin,2,6
pork-loin,beef-tenderloin,1,6
pork-loin,cantaloupe,1,6
pork-loin,garlic,1,6
pork-loin,lime,1,6
pork-loin,napa-cabbage,1,6
pork-loin,onion,1,6
pork-loin,parsley,1,6
pork-loin,poblano-pepper,1,6
pork-loin,red-potato,1,6
pork-loin,russet-potato,1,6
pork-loin,vegetable-oil,1,6
pork-shoulder,ground-pork,6,6
pork-shoulder,pork-loin,2,6
pork-shoulder,striploin,2,6
pork-shoulder,asparagus,1,6
pork-shoulder,beef-tenderloin,1,6
pork-shoulder,bell-pepper,1,6
pork-shoulder,chicken-breast,1,6
pork-shoulder,chicken-thigh,1,6
pork-shoulder,collard-greens,1,6
pork-shoulder,dill,1,6
pork-shoulder,garlic,1,6
pork-shoulder,napa-cabbage,1,6
pork-shoulder,red-potato,1,6
pork-shoulder,ribeye,1,6
pork-shoulder,vegetable-oil,1,6
pumpkin,onion,2,6
pumpkin,watermelon,2,6
pumpkin,blueberry,1,6
pumpkin,cabbage,1,6
pumpkin,eggplant,1,6
pumpkin,grapefruit,1,6
pumpkin,lemon,1,6
pumpkin,parsley,1,6
pumpkin,pineapple,1,6
pumpkin,raspberry,1,6
pumpkin,red-potato,1,6
pumpkin,romaine-lettuce,1,6
pumpkin,russet-potato,1,6
pumpkin,short-rib,1,6
pumpkin,whole-chicken,1,6
raspberry,romaine-lettuce,3,6
raspberry,red-leaf-lettuce,2,6
raspberry,watermelon,2,6
raspberry,zucchini,2,6
raspberry,acorn-squash,1,6
raspberry,beef-tenderloin,1,6
raspberry,beet,1,6
raspberry,brussels-sprouts,1,6
raspberry,celery,1,6
raspberry,corn-on-the-cob,1,6
raspberry,ginger,1,6
raspberry,green-beans,1,6
raspberry,green-onion,1,6
raspberry,habanero-pepper,1,6
raspberry,iceberg-lettuce,1,6
raspberry,kale,1,6
raspberry,lime,1,6
raspberry,mint,1,6
raspberry,okra,1,6
raspberry,parsley,1,6
raspberry,pumpkin,1,6
raspberry,red-onion,1,6
raspberry,spinach,1,6
raspberry,vegetable-oil,1,6
raspberry,whole-chicken,1,6
red-leaf-lettuce,iceberg-lettuce,5,6
red-leaf-lettuce,romaine-lettuce,5,6
red-leaf-lettuce,green-leaf-lettuce,4,6
red-leaf-lettuce,broccoli,3,6
red-leaf-lettuce,butter-lettuce,3,6
red-leaf-lettuce,celery,2,6
red-leaf-lettuce,cucumber,2,6
red-leaf-lettuce,raspberry,2,6
red-leaf-lettuce,spinach,2,6
red-leaf-lettuce,zucchini,2,6
red-leaf-lettuce,asparagus,1,6
red-leaf-lettuce,beet,1,6
red-leaf-lettuce,cabbage,1,6
red-leaf-lettuce,cauliflower,1,6
red-leaf-lettuce,corn-on-the-cob,1,6
red-leaf-lettuce,eggplant,1,6
red-leaf-lettuce,green-beans,1,6
red-leaf-lettuce,green-onion,1,6
red-leaf-lettuce,kale,1,6
red-leaf-lettuce,leek,1,6
red-leaf-lettuce,lime,1,6
red-leaf-lettuce,napa-cabbage,1,6
red-leaf-lettuce,okra,1,6
red-leaf-lettuce,parsley,1,6
red-leaf-lettuce,poblano-pepper,1,6
red-leaf-lettuce,red-potato,1,6
red-leaf-lettuce,serrano-pepper,1,6
red-leaf-lettuce,tomato,1,6
red-leaf-lettuce,watermelon,1,6
red-onion,butternut-squash,3,6
red-onion,eggplant,3,6
red-onion,bell-pepper,2,6
red-onion,brussels-sprouts,2,6
red-onion,collard-greens,2,6
red-onion,jalapeno,2,6
red-onion,kale,2,6
red-onion,napa-cabbage,2,6
red-onion,serrano-pepper,2,6
red-onion,acorn-squash,1,6
red-onion,artichoke,1,6
red-onion,asparagus,1,6
red-onion,avocado,1,6
red-onion,beet,1,6
red-onion,butter-lettuce,1,6
red-onion,cabbage,1,6
red-onion,celery,1,6
red-onion,cherry-tomato,1,6
red-onion,corn-on-the-cob,1,6
red-onion,cucumber,1,6
red-onion,leek,1,6
red-onion,onion,1,6
red-onion,parsley,1,6
red-onion,raspberry,1,6
red-onion,red-potato,1,6
red-onion,watermelon,1,6
red-potato,butter-lettuce,2,6
red-potato,onion,2,6
red-potato,acorn-squash,1,6
red-potato,asparagus,1,6
red-potato,avocado,1,6
red-potato,butternut-squash,1,6
red-potato,celery,1,6
red-potato,garlic,1,6
red-potato,green-leaf-lettuce,1,6
red-potato,ground-pork,1,6
red-potato,iceberg-lettuce,1,6
red-potato,lemon,1,6
red-potato,napa-cabbage,1,6
red-potato,pork-loin,1,6
red-potato,pork-shoulder,1,6
red-potato,pumpkin,1,6
red-potato,red-leaf-lettuce,1,6
red-potato,red-onion,1,6
red-potato,ribeye,1,6
red-potato,romaine-lettuce,1,6
red-potato,russet-potato,1,6
red-potato,rutabaga,1,6
red-potato,serrano-pepper,1,6
red-potato,short-rib,1,6
red-potato,snow-peas,1,6
red-potato,striploin,1,6
ribeye,garlic,2,6
ribeye,napa-cabbage,2,6
ribeye,pork-loin,2,6
ribeye,striploin,2,6
ribeye,acorn-squash,1,6
ribeye,artichoke,1,6
ribeye,asparagus,1,6
ribeye,beef-tenderloin,1,6
ribeye,broccoli,1,6
ribeye,butternut-squash,1,6
ribeye,cantaloupe,1,6
ribeye,cauliflower,1,6
ribeye,celery,1,6
ribeye,ground-pork,1,6
ribeye,iceberg-lettuce,1,6
ribeye,jalapeno,1,6
ribeye,leek,1,6
ribeye,lime,1,6
ribeye,parsley,1,6
ribeye,pork-shoulder,1,6
ribeye,red-potato,1,6
ribeye,short-rib,1,6
ribeye,vegetable-oil,1,6
romaine-lettuce,red-leaf-lettuce,5,6
romaine-lettuce,iceberg-lettuce,4,6
romaine-lettuce,broccoli,3,6
romaine-lettuce,green-leaf-lettuce,3,6
romaine-lettuce,raspberry,3,6
romaine-lettuce,butter-lettuce,2,6
romaine-lettuce,celery,2,6
romaine-lettuce,cucumber,2,6
romaine-lettuce,napa-cabbage,2,6
romaine-lettuce,parsley,2,6
romaine-lettuce,tomato,2,6
romaine-lettuce,watermelon,2,6
romaine-lettuce,zucchini,2,6
romaine-lettuce,asparagus,1,6
romaine-lettuce,beet,1,6
romaine-lettuce,blueberry,1,6
romaine-lettuce,cabbage,1,6
romaine-lettuce,cauliflower,1,6
romaine-lettuce,corn-on-the-cob,1,6
romaine-lettuce,eggplant,1,6
romaine-lettuce,grapefruit,1,6
romaine-lettuce,green-beans,1,6
romaine-lettuce,kale,1,6
romaine-lettuce,lime,1,6
romaine-lettuce,okra,1,6
romaine-lettuce,pumpkin,1,6
romaine-lettuce,red-potato,1,6
romaine-lettuce,spinach,1,6
russet-potato,carrot,2,6
russet-potato,onion,2,6
russet-potato,apple,1,6
russet-potato,bell-pepper,1,6
russet-potato,cheddar-cheese,1,6
russet-potato,chicken-breast,1,6
russet-potato,chicken-thigh,1,6
russet-potato,cucumber,1,6
russet-potato,green-beans,1,6
russet-potato,green-onion,1,6
russet-potato,leek,1,6
russet-potato,lemon,1,6
russet-potato,pear,1,6
russet-potato,pork-loin,1,6
russet-potato,pumpkin,1,6
russet-potato,red-potato,1,6
russet-potato,rutabaga,1,6
russet-potato,spinach,1,6
russet-potato,vegetable-oil,1,6
rutabaga,carrot,4,6
rutabaga,apple,2,6
rutabaga,grapefruit,2,6
rutabaga,lemon,2,6
rutabaga,pear,2,6
rutabaga,bell-pepper,1,6
rutabaga,broccoli,1,6
rutabaga,brussels-sprouts,1,6
rutabaga,cauliflower,1,6
rutabaga,leek,1,6
rutabaga,red-potato,1,6
rutabaga,russet-potato,1,6
serrano-pepper,collard-greens,2,6
serrano-pepper,green-onion,2,6
serrano-pepper,red-onion,2,6
serrano-pepper,acorn-squash,1,6
serrano-pepper,avocado,1,6
serrano-pepper,bell-pepper,1,6
serrano-pepper,brussels-sprouts,1,6
serrano-pepper,butter-lettuce,1,6
serrano-pepper,corn-on-the-cob,1,6
serrano-pepper,eggplant,1,6
serrano-pepper,garlic,1,6
serrano-pepper,grapefruit,1,6
serrano-pepper,green-leaf-lettuce,1,6
serrano-pepper,habanero-pepper,1,6
serrano-pepper,iceberg-lettuce,1,6
serrano-pepper,jalapeno,1,6
serrano-pepper,kale,1,6
serrano-pepper,leek,1,6
serrano-pepper,napa-cabbage,1,6
serrano-pepper,red-leaf-lettuce,1,6
serrano-pepper,red-potato,1,6
serrano-pepper,spinach,1,6
serrano-pepper,tomato,1,6
short-rib,onion,3,6
short-rib,beef-tenderloin,2,6
short-rib,apple,1,6
short-rib,broccoli,1,6
short-rib,butter-lettuce,1,6
short-rib,carrot,1,6
short-rib,cherry-tomato,1,6
short-rib,eggplant,1,6
short-rib,green-beans,1,6
short-rib,kale,1,6
short-rib,pumpkin,1,6
short-rib,red-potato,1,6
short-rib,ribeye,1,6
short-rib,yellow-squash,1,6
snow-peas,avocado,2,6
snow-peas,artichoke,1,6
snow-peas,bell-pepper,1,6
snow-peas,blueberry,1,6
snow-peas,brussels-sprouts,1,6
snow-peas,butter,1,6
snow-peas,cantaloupe,1,6
snow-peas,cauliflower,1,6
snow-peas,celery,1,6
snow-peas,cherry-tomato,1,6
snow-peas,corn-on-the-cob,1,6
snow-peas,eggplant,1,6
snow-peas,garlic,1,6
snow-peas,grapefruit,1,6
snow-peas,red-potato,1,6
snow-peas,spinach,1,6
snow-peas,tomato,1,6
snow-peas,yellow-squash,1,6
spinach,poblano-pepper,2,6
spinach,red-leaf-lettuce,2,6
spinach,apple,1,6
spinach,asparagus,1,6
spinach,avocado,1,6
spinach,broccoli,1,6
spinach,butter-lettuce,1,6
spinach,cabbage,1,6
spinach,carrot,1,6
spinach,cherry-tomato,1,6
spinach,chicken-breast,1,6
spinach,ginger,1,6
spinach,green-beans,1,6
spinach,green-leaf-lettuce,1,6
spinach,green-onion,1,6
spinach,iceberg-lettuce,1,6
spinach,kale,1,6
spinach,leek,1,6
spinach,raspberry,1,6
spinach,romaine-lettuce,1,6
spinach,russet-potato,1,6
spinach,serrano-pepper,1,6
spinach,snow-peas,1,6
spinach,tomato,1,6
spinach,watermelon,1,6
spinach,whole-chicken,1,6
spinach,zucchini,1,6
striploin,ground-pork,2,6
striploin,pork-loin,2,6
striploin,pork-shoulder,2,6
striploin,ribeye,2,6
striploin,acorn-squash,1,6
striploin,asparagus,1,6
striploin,avocado,1,6
striploin,beet,1,6
striploin,brussels-sprouts,1,6
striploin,cauliflower,1,6
striploin,collard-greens,1,6
striploin,garlic,1,6
striploin,jalapeno,1,6
striploin,lime,1,6
striploin,napa-cabbage,1,6
striploin,parsley,1,6
striploin,pear,1,6
striploin,red-potato,1,6
striploin,vegetable-oil,1,6
tomato,cherry-tomato,3,6
tomato,butter-lettuce,2,6
tomato,cantaloupe,2,6
tomato,cucumber,2,6
tomato,iceberg-lettuce,2,6
tomato,romaine-lettuce,2,6
tomato,apple,1,6
tomato,artichoke,1,6
tomato,beet,1,6
tomato,bell-pepper,1,6
tomato,blueberry,1,6
tomato,cabbage,1,6
tomato,carrot,1,6
tomato,chicken-breast,1,6
tomato,chicken-thigh,1,6
tomato,corn-on-the-cob,1,6
tomato,dill,1,6
tomato,eggplant,1,6
tomato,grapefruit,1,6
tomato,green-beans,1,6
tomato,green-leaf-lettuce,1,6
tomato,green-onion,1,6
tomato,jalapeno,1,6
tomato,parsley,1,6
tomato,poblano-pepper,1,6
tomato,red-leaf-lettuce,1,6
tomato,serrano-pepper,1,6
tomato,snow-peas,1,6
tomato,spinach,1,6
tomato,vegetable-oil,1,6
tomato,watermelon,1,6
tomato,yellow-squash,1,6
tomato,zucchini,1,6
vegetable-oil,carrot,2,6
vegetable-oil,jalapeno,2,6
vegetable-oil,acorn-squash,1,6
vegetable-oil,beef-tenderloin,1,6
vegetable-oil,bell-pepper,1,6
vegetable-oil,butternut-squash,1,6
vegetable-oil,cherry-tomato,1,6
vegetable-oil,chicken-breast,1,6
vegetable-oil,chicken-thigh,1,6
vegetable-oil,dill,1,6
vegetable-oil,green-beans,1,6
vegetable-oil,ground-pork,1,6
vegetable-oil,poblano-pepper,1,6
vegetable-oil,pork-loin,1,6
vegetable-oil,pork-shoulder,1,6
vegetable-oil,raspberry,1,6
vegetable-oil,ribeye,1,6
vegetable-oil,russet-potato,1,6
vegetable-oil,striploin,1,6
vegetable-oil,tomato,1,6
watermelon,asparagus,2,6
watermelon,cabbage,2,6
watermelon,cherry-tomato,2,6
watermelon,green-beans,2,6
watermelon,pumpkin,2,6
watermelon,raspberry,2,6
watermelon,romaine-lettuce,2,6
watermelon,acorn-squash,1,6
watermelon,bell-pepper,1,6
watermelon,broccoli,1,6
watermelon,brussels-sprouts,1,6
watermelon,butter,1,6
watermelon,cantaloupe,1,6
watermelon,corn-on-the-cob,1,6
watermelon,garlic,1,6
watermelon,habanero-pepper,1,6
watermelon,jalapeno,1,6
watermelon,kale,1,6
watermelon,napa-cabbage,1,6
watermelon,okra,1,6
watermelon,parsley,1,6
watermelon,red-leaf-lettuce,1,6
watermelon,red-onion,1,6
watermelon,spinach,1,6
watermelon,tomato,1,6
watermelon,yellow-squash,1,6
watermelon,zucchini,1,6
whole-chicken,bell-pepper,1,3
whole-chicken,brussels-sprouts,1,3
whole-chicken,ginger,1,3
whole-chicken,green-beans,1,3
whole-chicken,green-onion,1,3
whole-chicken,mint,1,3
whole-chicken,onion,1,3
whole-chicken,pineapple,1,3
whole-chicken,pumpkin,1,3
whole-chicken,raspberry,1,3
whole-chicken,spinach,1,3
whole-turkey,bok-choy,1,1
yellow-squash,cherry-tomato,4,6
yellow-squash,bell-pepper,2,6
yellow-squash,green-beans,2,6
yellow-squash,habanero-pepper,2,6
yellow-squash,zucchini,2,6
yellow-squash,beef-tenderloin,1,6
yellow-squash,blueberry,1,6
yellow-squash,cabbage,1,6
yellow-squash,corn-on-the-cob,1,6
yellow-squash,cucumber,1,6
yellow-squash,jalapeno,1,6
yellow-squash,parsley,1,6
yellow-squash,short-rib,1,6
yellow-squash,snow-peas,1,6
yellow-squash,tomato,1,6
yellow-squash,watermelon,1,6
zucchini,cucumber,3,6
zucchini,broccoli,2,6
zucchini,cabbage,2,6
zucchini,cauliflower,2,6
zucchini,green-beans,2,6
zucchini,okra,2,6
zucchini,raspberry,2,6
zucchini,red-leaf-lettuce,2,6
zucchini,romaine-lettuce,2,6
zucchini,yellow-squash,2,6
zucchini,artichoke,1,6
zucchini,asparagus,1,6
zucchini,beet,1,6
zucchini,celery,1,6
zucchini,cherry-tomato,1,6
zucchini,corn-on-the-cob,1,6
zucchini,eggplant,1,6
zucchini,habanero-pepper,1,6
zucchini,iceberg-lettuce,1,6
zucchini,jalapeno,1,6
zucchini,kale,1,6
zucchini,leek,1,6
zucchini,lime,1,6
zucchini,poblano-pepper,1,6
zucchini,spinach,1,6
zucchini,tomato,1,6
zucchini,watermelon,1,6
