ingredient_slug,date,direction,ref_pct_from_normal,value_cents,normal_cents,duration_days,month,in_high_season,basis,cohort
acorn-squash,2004-03-31,up,183,3720,1313,105,3,1,wholesale,butternut-squash|jalapeno|ribeye|striploin|vegetable-oil
acorn-squash,2012-03-14,up,132,3300,1425,98,3,1,wholesale,corn-on-the-cob|kale|raspberry
acorn-squash,2002-05-08,up,123,3070,1375,70,5,1,wholesale,avocado|bell-pepper|eggplant|red-onion|red-potato|serrano-pepper
acorn-squash,2008-03-19,up,104,2750,1350,84,3,1,wholesale,watermelon
acorn-squash,2003-05-07,up,104,2510,1230,70,5,1,wholesale,avocado|green-leaf-lettuce|lime|napa-cabbage
acorn-squash,2026-06-30,up,92,3750,1950,48,6,0,wholesale,cantaloupe|lemon
apple,2026-06-17,down,-52,1375,2875,63,6,0,wholesale,
apple,2008-09-10,up,49,3350,2250,105,9,1,wholesale,broccoli|onion|russet-potato|short-rib
apple,2017-09-06,up,43,3369,2350,56,9,1,wholesale,avocado|spinach
apple,2006-08-30,up,33,2715,2040,49,8,1,wholesale,grapefruit|green-onion|rutabaga|tomato
apple,2003-07-30,up,25,1980,1590,21,7,1,wholesale,bell-pepper|carrot|grapefruit|lemon|rutabaga
apple,2002-10-02,up,20,1970,1640,14,10,0,wholesale,banana|broccoli|eggplant|grapefruit|lemon
artichoke,2019-12-31,up,113,5533,2600,63,12,1,wholesale,beef-tenderloin
artichoke,2005-06-22,up,95,4340,2230,35,6,0,wholesale,butternut-squash|collard-greens|eggplant|garlic|kale|leek|red-onion|snow-peas
artichoke,2003-11-26,up,91,4375,2290,133,11,1,wholesale,beef-tenderloin|cauliflower|iceberg-lettuce|leek|ribeye
artichoke,2007-12-26,up,77,4400,2485,133,12,1,wholesale,cucumber|green-beans|kale|leek|okra|zucchini
artichoke,2023-01-04,up,75,5313,3040,105,1,1,wholesale,iceberg-lettuce|tomato
artichoke,2021-02-10,up,73,4610,2660,63,2,1,wholesale,celery|okra
asparagus,2020-07-01,up,125,5765,2563,21,7,1,wholesale,cheddar-cheese|garlic|ground-pork|pork-shoulder|red-potato|ribeye|striploin
asparagus,2010-05-12,up,110,4460,2120,28,5,1,wholesale,bell-pepper|brussels-sprouts|corn-on-the-cob|jalapeno|napa-cabbage|parsley|red-onion|watermelon
asparagus,2001-12-26,up,88,3950,2105,28,12,0,wholesale,broccoli|cauliflower
asparagus,2010-08-11,up,85,4005,2160,35,8,0,wholesale,garlic|pear
asparagus,2006-04-19,up,76,3900,2215,77,4,1,wholesale,green-leaf-lettuce|lime
asparagus,2013-01-16,up,75,4855,2770,49,1,1,wholesale,broccoli|cabbage|kale|poblano-pepper|red-leaf-lettuce|romaine-lettuce|spinach|watermelon|zucchini
avocado,2002-06-12,up,167,4320,1620,182,6,1,wholesale,acorn-squash|bell-pepper|brussels-sprouts|carrot|eggplant|red-onion|serrano-pepper
avocado,2019-06-19,up,121,6440,2920,119,6,1,wholesale,brussels-sprouts|celery|red-potato|snow-peas
avocado,2003-06-04,up,107,5010,2420,56,6,1,wholesale,acorn-squash|bell-pepper|carrot|grapefruit|green-leaf-lettuce
avocado,2016-07-06,up,102,5275,2610,91,7,0,wholesale,striploin
avocado,2011-06-29,up,92,6145,3195,140,6,1,wholesale,pineapple
avocado,2017-09-27,up,90,7010,3690,84,9,0,wholesale,apple|snow-peas|spinach
banana,2002-10-09,up,56,1555,1000,7,10,0,wholesale,apple|broccoli|eggplant|lemon
banana,2018-03-07,up,31,2100,1600,49,3,1,wholesale,beet
beef-tenderloin,2001-06-13,down,-75,160,637,77,6,0,wholesale,onion|short-rib
beef-tenderloin,2003-11-12,up,54,1357,879,91,11,1,wholesale,artichoke|cauliflower|iceberg-lettuce|leek|ribeye
beef-tenderloin,2021-06-02,up,46,1709,1171,91,6,0,wholesale,ground-pork|pork-loin|pork-shoulder|raspberry|vegetable-oil
beef-tenderloin,2020-04-15,down,-38,613,990,37,4,0,wholesale,butter|cheddar-cheese
beef-tenderloin,2019-11-19,up,35,1302,965,57,11,1,wholesale,artichoke
beef-tenderloin,2005-12-21,up,34,1143,851,91,12,1,wholesale,cherry-tomato|green-beans|short-rib|yellow-squash
beet,2014-02-19,up,58,1750,1105,63,2,1,wholesale,okra|pork-loin
beet,2011-03-02,up,53,1500,980,84,3,1,wholesale,celery|corn-on-the-cob|cucumber|eggplant|green-beans|iceberg-lettuce|lime|okra|raspberry|red-leaf-lettuce|romaine-lettuce|tomato|zucchini
beet,2021-11-10,down,-42,1250,2150,91,11,1,wholesale,pork-loin
beet,2018-04-18,up,36,1850,1363,91,4,0,wholesale,banana|striploin
beet,2024-07-24,down,-35,1550,2375,77,7,0,wholesale,
beet,2007-03-07,up,34,1250,930,91,3,1,wholesale,butter-lettuce|butternut-squash|celery|cucumber|onion|red-onion
bell-pepper,2004-11-17,up,108,3913,1881,84,11,0,wholesale,blueberry|butter-lettuce|cantaloupe|cherry-tomato|snow-peas|tomato|yellow-squash
bell-pepper,2010-03-31,up,107,4220,2038,70,3,1,wholesale,asparagus|brussels-sprouts|cherry-tomato|corn-on-the-cob|green-beans|jalapeno|napa-cabbage|red-onion|watermelon|yellow-squash
bell-pepper,2025-07-23,up,106,4800,2325,70,7,1,wholesale,dill|ground-pork|onion|pineapple|pork-shoulder|whole-chicken
bell-pepper,2003-07-09,up,95,3113,1595,49,7,1,wholesale,apple|avocado|carrot|grapefruit|green-leaf-lettuce|lemon|rutabaga
bell-pepper,2002-05-22,up,88,2515,1335,84,5,0,wholesale,acorn-squash|avocado|eggplant|red-onion|serrano-pepper
bell-pepper,2008-07-23,up,64,3050,1863,35,7,1,wholesale,carrot|green-beans|russet-potato|vegetable-oil
blueberry,2024-10-09,up,202,6185,2050,49,10,1,wholesale,butternut-squash
blueberry,2009-10-28,up,189,5850,2025,27,10,1,wholesale,grapefruit|napa-cabbage|parsley|pumpkin|romaine-lettuce
blueberry,2007-10-24,up,158,5288,2050,35,10,1,wholesale,cabbage|kale|pineapple
blueberry,2023-10-18,up,153,6620,2615,126,10,1,wholesale,butter|green-onion
blueberry,2004-11-03,up,120,4470,2031,105,11,0,wholesale,bell-pepper|butter-lettuce|cantaloupe|cherry-tomato|snow-peas|tomato|yellow-squash
blueberry,2010-10-13,up,112,3450,1628,14,10,1,wholesale,
bok-choy,2024-08-14,up,63,4060,2490,91,8,1,wholesale,cilantro|dill
bok-choy,2025-01-07,down,-28,1844,2550,30,1,0,wholesale,whole-turkey
bok-choy,2024-02-14,down,-27,1710,2330,35,2,0,wholesale,
bok-choy,2025-08-13,down,-24,1800,2356,42,8,1,wholesale,collard-greens|ginger
broccoli,2002-01-30,up,211,2895,930,63,1,1,wholesale,asparagus|butter-lettuce|cauliflower|green-leaf-lettuce|red-leaf-lettuce|romaine-lettuce
broccoli,2017-04-12,up,110,3545,1685,133,4,0,wholesale,cauliflower|celery|green-leaf-lettuce|iceberg-lettuce|napa-cabbage|parsley|red-leaf-lettuce|romaine-lettuce
broccoli,2013-01-16,up,106,2705,1315,35,1,1,wholesale,asparagus|cabbage|kale|poblano-pepper|red-leaf-lettuce|romaine-lettuce|spinach|watermelon|zucchini
broccoli,2002-09-04,up,92,1725,900,84,9,1,wholesale,apple|banana|carrot|grapefruit|lemon|rutabaga
broccoli,2008-10-22,up,82,2375,1303,91,10,1,wholesale,apple|onion|ribeye|short-rib
broccoli,2015-12-09,up,78,3075,1725,56,12,0,wholesale,butter|cabbage|cauliflower|leek|zucchini
brussels-sprouts,2025-12-31,up,119,8200,3750,294,12,1,wholesale,ginger|green-onion|mint|raspberry|whole-chicken
brussels-sprouts,2005-05-04,up,109,5300,2530,70,5,0,wholesale,butternut-squash|collard-greens|kale|leek|napa-cabbage|red-onion|serrano-pepper
brussels-sprouts,2010-04-14,up,91,4148,2175,70,4,0,wholesale,asparagus|bell-pepper|cherry-tomato|corn-on-the-cob|jalapeno|napa-cabbage|red-onion|watermelon
brussels-sprouts,2002-07-17,up,89,3350,1775,105,7,1,wholesale,avocado|carrot|grapefruit|rutabaga
brussels-sprouts,2019-05-29,up,62,6225,3850,70,5,0,wholesale,avocado|celery|snow-peas
brussels-sprouts,2018-07-11,up,61,5200,3223,35,7,1,wholesale,lemon|striploin
butter,2014-10-04,up,47,292,199,126,10,1,wholesale,cantaloupe|cherry-tomato|garlic|lemon|watermelon
butter,2015-12-05,up,39,288,207,98,12,0,wholesale,broccoli|cabbage|cauliflower|leek
butter,2020-05-09,down,-32,119,176,42,5,0,wholesale,beef-tenderloin|cheddar-cheese
butter,2023-10-28,up,23,327,266,42,10,1,wholesale,blueberry|green-onion
butter,2012-10-20,up,21,191,158,98,10,1,wholesale,cheddar-cheese|grapefruit|snow-peas
butter-lettuce,2004-12-15,up,165,3260,1230,42,12,1,wholesale,bell-pepper|blueberry|cantaloupe|cherry-tomato|tomato
butter-lettuce,2002-02-20,up,127,2613,1150,21,2,1,wholesale,broccoli|green-leaf-lettuce|iceberg-lettuce|red-leaf-lettuce|red-potato|romaine-lettuce
butter-lettuce,2007-04-11,up,95,2905,1490,28,4,1,wholesale,beet|butternut-squash|cucumber|onion|red-onion|red-potato|short-rib
butter-lettuce,2018-12-19,up,83,3500,1913,77,12,1,wholesale,collard-greens|green-leaf-lettuce|green-onion|iceberg-lettuce|leek|red-leaf-lettuce|serrano-pepper|spinach
butter-lettuce,2022-11-16,up,76,3350,1900,28,11,1,wholesale,cucumber|green-leaf-lettuce|iceberg-lettuce|red-leaf-lettuce|romaine-lettuce|tomato
butter-lettuce,2024-03-27,up,74,4000,2300,98,3,0,wholesale,cherry-tomato|habanero-pepper
butternut-squash,2024-10-09,up,800,21150,2350,28,10,0,wholesale,blueberry
butternut-squash,2025-01-22,up,481,13656,2350,7,1,0,wholesale,cantaloupe|eggs|pear
butternut-squash,2007-04-04,up,191,4940,1695,112,4,1,wholesale,beet|butter-lettuce|celery|cucumber|onion|red-onion|red-potato
butternut-squash,2004-03-24,up,137,3140,1325,98,3,0,wholesale,acorn-squash|jalapeno|ribeye|vegetable-oil
butternut-squash,2005-06-15,up,90,2640,1393,56,6,1,wholesale,artichoke|brussels-sprouts|collard-greens|eggplant|kale|leek|red-onion
butternut-squash,2001-05-02,up,90,2130,1120,56,5,1,wholesale,cabbage|celery|collard-greens|eggplant|jalapeno|kale|red-onion
button-mushroom,2005-11-30,down,-33,185,275,70,11,0,wholesale,
cabbage,2016-01-13,up,72,2680,1560,70,1,1,wholesale,broccoli|butter|cauliflower|jalapeno|yellow-squash|zucchini
cabbage,2013-01-16,up,72,2668,1550,70,1,1,wholesale,asparagus|broccoli|kale|poblano-pepper|red-leaf-lettuce|romaine-lettuce|spinach|watermelon|zucchini
cabbage,2001-05-30,up,68,1600,955,70,5,0,wholesale,butternut-squash|celery|collard-greens|eggplant|jalapeno|kale|leek|red-onion
cabbage,2015-09-23,up,65,2480,1500,42,9,0,wholesale,pineapple
cabbage,2015-01-14,up,57,2255,1440,42,1,1,wholesale,pumpkin|tomato|watermelon
cabbage,2007-10-10,up,49,1535,1031,70,10,1,wholesale,blueberry|kale|pineapple
cantaloupe,2026-07-01,up,109,4550,2180,21,7,0,wholesale,acorn-squash|lemon
cantaloupe,2004-12-15,up,102,2360,1168,70,12,1,wholesale,bell-pepper|blueberry|butter-lettuce|cherry-tomato|tomato
cantaloupe,2013-10-30,up,101,3150,1565,56,10,1,wholesale,cauliflower|corn-on-the-cob|lemon|snow-peas
cantaloupe,2025-01-22,up,93,3913,2025,98,1,0,wholesale,butternut-squash|eggs|pear
cantaloupe,2017-07-05,up,91,2738,1430,49,7,0,wholesale,celery|parsley|pork-loin|ribeye
cantaloupe,2014-10-22,up,87,3000,1605,28,10,1,wholesale,butter|cherry-tomato|garlic|tomato|watermelon
carrot,2008-07-23,up,59,2500,1570,63,7,1,wholesale,bell-pepper|green-beans|russet-potato|vegetable-oil
carrot,2026-04-01,up,58,3900,2475,77,4,0,wholesale,cherry-tomato|chicken-breast|chicken-thigh|dill|green-beans|jalapeno|poblano-pepper|spinach|tomato|vegetable-oil
carrot,2001-08-08,up,52,1650,1085,77,8,1,wholesale,leek|pear|russet-potato|rutabaga|short-rib
carrot,2002-07-24,up,51,1650,1092,91,7,1,wholesale,avocado|broccoli|brussels-sprouts|grapefruit|lemon|rutabaga
carrot,2004-07-07,up,48,1775,1200,119,7,1,wholesale,cauliflower|pear|rutabaga
carrot,2003-06-25,up,47,1570,1069,112,6,1,wholesale,apple|avocado|bell-pepper|grapefruit|green-leaf-lettuce|rutabaga
cauliflower,2015-12-09,up,222,4925,1528,91,12,1,wholesale,broccoli|butter|cabbage|leek|zucchini
cauliflower,2003-12-24,up,219,3150,988,56,12,1,wholesale,artichoke|beef-tenderloin|iceberg-lettuce|leek|zucchini
cauliflower,2001-12-26,up,152,2267,900,70,12,1,wholesale,asparagus|broccoli
cauliflower,2017-04-12,up,126,4300,1900,70,4,1,wholesale,broccoli|celery|green-leaf-lettuce|iceberg-lettuce|napa-cabbage|parsley|red-leaf-lettuce|romaine-lettuce
cauliflower,2013-10-30,up,119,3565,1625,28,10,0,wholesale,cantaloupe|corn-on-the-cob|lemon|snow-peas
cauliflower,2004-06-16,up,115,2025,943,35,6,0,wholesale,carrot|lime|pear|ribeye|rutabaga|striploin
celery,2017-05-24,up,320,5665,1350,119,5,1,wholesale,broccoli|cantaloupe|cauliflower|green-leaf-lettuce|iceberg-lettuce|napa-cabbage|parsley|red-leaf-lettuce|ribeye|romaine-lettuce
celery,2001-06-13,up,282,2810,735,98,6,0,wholesale,butternut-squash|cabbage|collard-greens|eggplant|jalapeno|leek|pear
celery,2011-02-16,up,226,4070,1250,105,2,1,wholesale,beet|corn-on-the-cob|cucumber|eggplant|green-beans|iceberg-lettuce|lime|okra|raspberry|red-leaf-lettuce|romaine-lettuce|zucchini
celery,2019-06-19,up,191,6720,2310,154,6,0,wholesale,avocado|brussels-sprouts|red-potato|snow-peas
celery,2007-02-21,up,187,4550,1588,77,2,1,wholesale,beet|butternut-squash|cucumber|habanero-pepper|red-onion
celery,2021-01-13,up,179,4040,1450,63,1,1,wholesale,artichoke|okra|poblano-pepper
cheddar-cheese,2020-11-14,up,48,273,184,63,11,1,wholesale,poblano-pepper
cheddar-cheese,2020-08-01,up,40,271,194,70,8,0,wholesale,asparagus|russet-potato
cheddar-cheese,2020-05-02,down,-29,139,195,49,5,0,wholesale,beef-tenderloin|butter
cheddar-cheese,2023-07-22,down,-20,145,182,70,7,0,wholesale,
cheddar-cheese,2012-11-03,up,20,206,171,56,11,1,wholesale,butter|grapefruit
cherry-tomato,2004-11-03,up,135,3520,1500,84,11,1,wholesale,bell-pepper|blueberry|butter-lettuce|cantaloupe|snow-peas|tomato|yellow-squash
cherry-tomato,2024-02-21,up,104,4700,2300,112,2,1,wholesale,butter-lettuce|cucumber|habanero-pepper|yellow-squash|zucchini
cherry-tomato,2010-03-17,up,104,3180,1560,77,3,0,wholesale,bell-pepper|brussels-sprouts|corn-on-the-cob|green-beans|jalapeno|napa-cabbage|red-onion|watermelon|yellow-squash
cherry-tomato,2006-01-04,up,89,3200,1690,35,1,1,wholesale,beef-tenderloin|green-beans|kale|short-rib|yellow-squash
cherry-tomato,2026-04-08,up,71,3555,2075,91,4,0,wholesale,carrot|chicken-breast|chicken-thigh|dill|green-beans|jalapeno|poblano-pepper|spinach|tomato|vegetable-oil
cherry-tomato,2014-10-22,up,64,2615,1590,56,10,1,wholesale,butter|cantaloupe|garlic|tomato|watermelon
chicken-breast,2022-08-29,up,110,225,107,35,8,1,wholesale,chicken-thigh|green-onion|russet-potato
chicken-breast,2025-05-19,up,48,276,186,105,5,0,wholesale,chicken-thigh|collard-greens|dill|ground-pork|pork-shoulder
chicken-breast,2022-12-05,down,-35,84,130,91,12,0,wholesale,chicken-thigh
chicken-breast,2023-09-04,up,30,169,130,35,9,1,wholesale,green-onion
chicken-breast,2026-04-06,up,28,175,137,56,4,1,wholesale,carrot|cherry-tomato|chicken-thigh|dill|green-beans|jalapeno|poblano-pepper|spinach|tomato|vegetable-oil
chicken-breast,2025-10-06,down,-26,114,155,112,10,0,wholesale,chicken-thigh|collard-greens|eggs
chicken-thigh,2022-08-29,up,73,130,75,56,8,1,wholesale,chicken-breast|green-onion|russet-potato
chicken-thigh,2025-05-19,up,65,213,129,112,5,1,wholesale,chicken-breast|collard-greens|dill|ground-pork|pork-shoulder
chicken-thigh,2022-12-26,down,-36,60,94,119,12,0,wholesale,chicken-breast
chicken-thigh,2025-11-03,down,-29,91,129,133,11,0,wholesale,chicken-breast|daikon|eggs
chicken-thigh,2026-05-04,up,21,137,114,84,5,1,wholesale,carrot|cherry-tomato|chicken-breast|dill|jalapeno|poblano-pepper|tomato|vegetable-oil
cilantro,2024-07-10,up,39,3700,2660,85,7,1,wholesale,bok-choy|dill
collard-greens,2001-06-06,up,58,1325,840,77,6,1,wholesale,butternut-squash|cabbage|celery|eggplant|jalapeno|kale|leek|pear|red-onion
collard-greens,2019-01-23,up,48,3400,2300,70,1,1,wholesale,butter-lettuce|green-leaf-lettuce|green-onion|leek|serrano-pepper
collard-greens,2005-05-18,up,40,1225,875,42,5,1,wholesale,artichoke|brussels-sprouts|butternut-squash|eggplant|kale|leek|napa-cabbage|red-onion|serrano-pepper
collard-greens,2016-04-27,up,33,2200,1650,35,4,1,wholesale,striploin
collard-greens,2025-09-03,down,-32,1525,2250,28,9,0,wholesale,bok-choy|chicken-breast|eggs|ginger
collard-greens,2025-05-28,up,26,2838,2248,35,5,1,wholesale,chicken-breast|chicken-thigh|dill|ground-pork|pork-shoulder
corn-on-the-cob,2012-03-28,up,92,2910,1513,77,3,1,wholesale,acorn-squash|raspberry
corn-on-the-cob,2021-11-03,up,73,4175,2410,77,11,0,wholesale,garlic|jalapeno|serrano-pepper
corn-on-the-cob,2011-03-16,up,68,3100,1850,42,3,1,wholesale,beet|celery|cucumber|eggplant|iceberg-lettuce|lime|parsley|red-leaf-lettuce|romaine-lettuce|tomato|zucchini
corn-on-the-cob,2010-03-31,up,68,2675,1594,91,3,1,wholesale,asparagus|bell-pepper|brussels-sprouts|cherry-tomato|green-beans|jalapeno|napa-cabbage|red-onion|watermelon|yellow-squash
corn-on-the-cob,2006-02-22,up,66,2313,1395,70,2,1,wholesale,kale|lime
corn-on-the-cob,2013-11-06,up,63,3000,1840,51,11,0,wholesale,cantaloupe|cauliflower|snow-peas
cucumber,2011-03-23,up,152,3650,1450,63,3,1,wholesale,beet|celery|corn-on-the-cob|eggplant|iceberg-lettuce|lime|parsley|red-leaf-lettuce|romaine-lettuce|tomato|zucchini
cucumber,2007-03-07,up,125,2930,1305,70,3,1,wholesale,beet|butter-lettuce|butternut-squash|celery|onion|red-onion
cucumber,2024-01-24,up,72,2980,1735,63,1,0,wholesale,cherry-tomato|habanero-pepper|yellow-squash|zucchini
cucumber,2022-10-19,up,65,3300,2000,49,10,1,wholesale,butter-lettuce|green-leaf-lettuce|green-onion|iceberg-lettuce|red-leaf-lettuce|romaine-lettuce|russet-potato|tomato
cucumber,2008-01-09,up,64,2240,1363,28,1,0,wholesale,artichoke|green-beans|leek|okra|zucchini
cucumber,2018-09-19,up,63,2450,1500,70,9,1,wholesale,lemon
daikon,2025-12-03,down,-24,2350,3100,34,12,0,wholesale,chicken-thigh|eggs
dill,2024-08-14,up,135,5500,2345,42,8,1,wholesale,bok-choy|cilantro
dill,2025-06-18,up,123,5575,2500,49,6,0,wholesale,bell-pepper|chicken-breast|chicken-thigh|collard-greens|ground-pork|pork-shoulder
dill,2007-03-29,down,-37,1400,2225,4243,3,1,wholesale,
dill,2026-05-13,up,28,3650,2850,14,5,1,wholesale,carrot|cherry-tomato|chicken-breast|chicken-thigh|jalapeno|lemon|poblano-pepper|tomato|vegetable-oil
dill,2025-11-05,up,26,3600,2850,48,11,0,wholesale,
eggplant,2002-05-22,up,2264,1300,55,63,5,1,wholesale,acorn-squash|avocado|bell-pepper|red-onion|serrano-pepper
eggplant,2001-10-24,up,1249,715,53,49,10,0,wholesale,pumpkin|short-rib
eggplant,2001-05-30,up,943,730,70,63,5,1,wholesale,butternut-squash|cabbage|celery|collard-greens|jalapeno|kale|leek|red-onion
eggplant,2002-11-06,up,347,277,62,42,11,1,wholesale,apple|banana|parsley
eggplant,2011-03-09,up,227,5500,1680,77,3,0,wholesale,beet|celery|corn-on-the-cob|cucumber|iceberg-lettuce|lime|red-leaf-lettuce|romaine-lettuce|tomato|zucchini
eggplant,2005-06-22,up,103,2855,1405,98,6,1,wholesale,artichoke|butternut-squash|collard-greens|garlic|kale|leek|red-onion|snow-peas
eggs,2025-02-17,up,127,839,370,42,2,0,wholesale,butternut-squash|cantaloupe|pear
eggs,2026-01-05,down,-50,76,152,28,1,0,wholesale,daikon
eggs,2026-04-27,down,-47,50,95,84,4,0,wholesale,
eggs,2025-09-29,down,-36,152,239,28,9,0,wholesale,chicken-breast|chicken-thigh|collard-greens
garlic,2014-10-01,up,53,7375,4825,91,10,0,wholesale,butter|cantaloupe|cherry-tomato|lemon|watermelon
garlic,2020-06-03,up,51,9140,6035,133,6,1,wholesale,asparagus|ground-pork|napa-cabbage|pork-loin|pork-shoulder|red-potato|ribeye|striploin
garlic,2021-10-13,up,48,10500,7113,70,10,0,wholesale,corn-on-the-cob|jalapeno|ribeye|serrano-pepper
garlic,2010-11-17,down,-36,3050,4730,63,11,0,wholesale,
garlic,2010-07-21,up,33,4920,3700,77,7,0,wholesale,asparagus|pear
garlic,2005-08-03,up,33,3670,2760,84,8,1,wholesale,artichoke|eggplant|snow-peas
ginger,2026-01-28,up,25,5750,4600,49,1,1,wholesale,brussels-sprouts|green-beans|green-onion|mint|raspberry|spinach|whole-chicken
ginger,2025-08-13,down,-25,3800,5070,112,8,0,wholesale,bok-choy|collard-greens
ginger,2024-09-11,down,-21,3980,5070,98,9,0,wholesale,
grapefruit,2016-10-05,up,54,3738,2435,98,10,1,wholesale,
grapefruit,2003-07-02,up,53,1815,1190,140,7,1,wholesale,apple|avocado|bell-pepper|carrot|green-leaf-lettuce|lemon|rutabaga
grapefruit,2006-10-04,up,44,2410,1675,140,10,1,wholesale,apple|green-onion|serrano-pepper|tomato
grapefruit,2009-10-21,up,34,2600,1940,34,10,1,wholesale,blueberry|napa-cabbage|pumpkin|romaine-lettuce
grapefruit,2002-08-21,up,34,1378,1030,105,8,1,wholesale,apple|broccoli|brussels-sprouts|carrot|lemon|rutabaga
grapefruit,2012-10-03,up,33,2710,2035,140,10,1,wholesale,butter|cheddar-cheese|snow-peas
green-beans,2005-12-14,up,163,4600,1750,49,12,1,wholesale,beef-tenderloin|cherry-tomato|short-rib|yellow-squash
green-beans,2011-01-19,up,155,5094,1995,70,1,1,wholesale,beet|celery|iceberg-lettuce|lime|okra|raspberry|red-leaf-lettuce|romaine-lettuce|zucchini
green-beans,2010-02-24,up,155,5230,2050,98,2,1,wholesale,bell-pepper|cherry-tomato|corn-on-the-cob|habanero-pepper|napa-cabbage|watermelon|yellow-squash
green-beans,2026-03-06,up,148,7500,3020,70,3,0,wholesale,carrot|cherry-tomato|chicken-breast|ginger|jalapeno|poblano-pepper|spinach|tomato|whole-chicken
green-beans,2008-07-09,up,130,4531,1970,21,7,0,wholesale,bell-pepper|carrot|russet-potato|vegetable-oil
green-beans,2008-01-30,up,121,4420,2000,49,1,1,wholesale,artichoke|cucumber|okra|watermelon|zucchini
green-leaf-lettuce,2002-02-20,up,397,3675,740,98,2,0,wholesale,broccoli|butter-lettuce|iceberg-lettuce|red-leaf-lettuce|red-potato|romaine-lettuce
green-leaf-lettuce,2017-04-19,up,368,5780,1235,105,4,1,wholesale,broccoli|cauliflower|celery|iceberg-lettuce|napa-cabbage|parsley|red-leaf-lettuce|romaine-lettuce
green-leaf-lettuce,2022-11-09,up,307,7710,1895,126,11,1,wholesale,butter-lettuce|cucumber|iceberg-lettuce|red-leaf-lettuce|romaine-lettuce|tomato
green-leaf-lettuce,2018-12-12,up,261,5060,1400,77,12,1,wholesale,butter-lettuce|collard-greens|green-onion|iceberg-lettuce|leek|red-leaf-lettuce|serrano-pepper|spinach
green-leaf-lettuce,2003-05-28,up,259,2763,770,70,5,1,wholesale,acorn-squash|avocado|bell-pepper|carrot|grapefruit|napa-cabbage
green-leaf-lettuce,2006-05-10,up,257,3140,880,49,5,1,wholesale,asparagus
green-onion,2006-09-20,up,237,2530,750,98,9,1,wholesale,apple|grapefruit|serrano-pepper|tomato
green-onion,2022-09-21,up,226,6390,1960,161,9,1,wholesale,chicken-breast|chicken-thigh|cucumber|russet-potato
green-onion,2023-09-20,up,220,4490,1405,56,9,1,wholesale,blueberry|butter|chicken-breast
green-onion,2019-01-16,up,189,4140,1432,70,1,1,wholesale,butter-lettuce|collard-greens|green-leaf-lettuce|iceberg-lettuce|leek|red-leaf-lettuce|serrano-pepper|spinach
green-onion,2025-12-23,up,188,6450,2240,105,12,0,wholesale,brussels-sprouts|ginger|mint|raspberry|whole-chicken
green-onion,2017-12-27,up,171,2575,950,42,12,0,wholesale,habanero-pepper
ground-pork,2020-05-20,up,100,162,81,35,5,1,wholesale,asparagus|garlic|napa-cabbage|pork-loin|pork-shoulder|red-potato|ribeye|striploin
ground-pork,2021-06-16,up,84,197,107,70,6,1,wholesale,beef-tenderloin|pork-loin|pork-shoulder|vegetable-oil
ground-pork,2023-06-28,up,48,161,109,63,6,1,wholesale,pork-shoulder
ground-pork,2022-07-13,up,43,159,111,63,7,1,wholesale,pork-shoulder
ground-pork,2015-05-27,up,42,119,84,42,5,1,wholesale,pork-shoulder|striploin
ground-pork,2025-06-18,up,31,145,111,56,6,1,wholesale,bell-pepper|chicken-breast|chicken-thigh|collard-greens|dill|pork-shoulder
habanero-pepper,2024-01-03,up,68,5200,3100,147,1,1,wholesale,cucumber|yellow-squash|zucchini
habanero-pepper,2017-12-20,up,53,3855,2520,63,12,1,wholesale,green-onion
habanero-pepper,2017-01-25,up,37,3360,2450,56,1,1,wholesale,
habanero-pepper,2007-01-10,up,35,3380,2500,42,1,1,wholesale,celery
habanero-pepper,2010-01-27,up,34,3400,2540,35,1,1,wholesale,green-beans|raspberry|watermelon|yellow-squash
habanero-pepper,2024-04-03,up,33,4600,3460,147,4,0,wholesale,butter-lettuce|cherry-tomato|serrano-pepper
iceberg-lettuce,2002-03-20,up,480,4810,830,112,3,1,wholesale,butter-lettuce|green-leaf-lettuce|red-leaf-lettuce|red-potato|romaine-lettuce
iceberg-lettuce,2003-11-26,up,358,4510,985,63,11,1,wholesale,artichoke|beef-tenderloin|cauliflower|leek|ribeye
iceberg-lettuce,2017-04-19,up,280,4890,1288,91,4,0,wholesale,broccoli|cauliflower|celery|green-leaf-lettuce|napa-cabbage|parsley|red-leaf-lettuce|romaine-lettuce
iceberg-lettuce,2011-03-02,up,227,3520,1075,49,3,1,wholesale,beet|celery|corn-on-the-cob|cucumber|eggplant|green-beans|lime|okra|raspberry|red-leaf-lettuce|romaine-lettuce|tomato|zucchini
iceberg-lettuce,2018-12-05,up,216,4900,1550,63,12,0,wholesale,butter-lettuce|green-leaf-lettuce|green-onion|leek|red-leaf-lettuce|serrano-pepper|spinach
iceberg-lettuce,2022-11-23,up,215,8250,2620,133,11,1,wholesale,artichoke|butter-lettuce|cucumber|green-leaf-lettuce|red-leaf-lettuce|romaine-lettuce|tomato
jalapeno,2026-04-15,up,127,5460,2400,91,4,1,wholesale,carrot|cherry-tomato|chicken-breast|chicken-thigh|dill|green-beans|poblano-pepper|tomato|vegetable-oil
jalapeno,2021-11-24,up,104,4490,2200,42,11,0,wholesale,corn-on-the-cob|garlic|poblano-pepper|serrano-pepper
jalapeno,2001-05-09,up,62,1750,1080,69,5,1,wholesale,butternut-squash|cabbage|celery|collard-greens|eggplant|kale|red-onion
jalapeno,2004-04-21,up,55,2010,1300,112,4,1,wholesale,acorn-squash|butternut-squash|lime|ribeye|striploin|vegetable-oil
jalapeno,2016-02-03,up,53,2700,1760,112,2,0,wholesale,cabbage|yellow-squash|zucchini
jalapeno,2010-04-28,up,43,2080,1450,126,4,1,wholesale,asparagus|bell-pepper|brussels-sprouts|cherry-tomato|corn-on-the-cob|napa-cabbage|parsley|red-onion|watermelon
kale,2005-05-11,up,78,2400,1350,91,5,1,wholesale,artichoke|brussels-sprouts|butternut-squash|collard-greens|eggplant|leek|napa-cabbage|red-onion|serrano-pepper
kale,2006-02-08,up,74,2200,1263,70,2,1,wholesale,cherry-tomato|corn-on-the-cob|lime|short-rib
kale,2013-02-13,up,71,2220,1300,119,2,1,wholesale,asparagus|broccoli|cabbage|raspberry|red-leaf-lettuce|romaine-lettuce|spinach|watermelon|zucchini
kale,2007-11-14,up,63,1625,1000,77,11,1,wholesale,artichoke|blueberry|cabbage|leek
kale,2012-02-08,up,54,1675,1088,105,2,1,wholesale,acorn-squash
kale,2001-04-25,up,53,1300,850,84,4,0,wholesale,butternut-squash|cabbage|collard-greens|eggplant|jalapeno|red-onion
leek,2003-11-12,up,122,2344,1055,91,11,1,wholesale,artichoke|beef-tenderloin|cauliflower|iceberg-lettuce|ribeye
leek,2001-06-27,up,79,2170,1215,28,6,0,wholesale,cabbage|carrot|celery|collard-greens|eggplant|pear|russet-potato|rutabaga
leek,2015-11-25,up,74,2650,1525,140,11,1,wholesale,broccoli|butter|cauliflower
leek,2007-12-12,up,59,2410,1520,112,12,1,wholesale,artichoke|cucumber|kale|zucchini
leek,2005-06-15,up,58,1750,1110,28,6,0,wholesale,artichoke|brussels-sprouts|butternut-squash|collard-greens|eggplant|kale|red-onion
leek,2019-01-09,up,55,2400,1550,105,1,1,wholesale,butter-lettuce|collard-greens|green-leaf-lettuce|green-onion|iceberg-lettuce|red-leaf-lettuce|serrano-pepper|spinach
lemon,2018-08-22,up,92,6750,3520,120,8,1,wholesale,brussels-sprouts|cucumber
lemon,2026-06-24,up,80,4725,2625,58,6,0,wholesale,acorn-squash|cantaloupe|dill
lemon,2014-08-27,up,74,5410,3110,126,8,1,wholesale,butter|garlic
lemon,2013-09-18,up,67,4540,2725,98,9,1,wholesale,cantaloupe|cauliflower|onion|pumpkin|red-potato|russet-potato
lemon,2002-09-04,up,47,2313,1578,133,9,1,wholesale,apple|banana|broccoli|carrot|grapefruit|rutabaga
lemon,2003-08-13,up,46,2132,1458,126,8,1,wholesale,apple|bell-pepper|grapefruit|rutabaga
lime,2014-04-09,up,538,10330,1620,155,4,1,wholesale,pork-loin
lime,2011-02-16,up,372,6000,1270,105,2,1,wholesale,beet|celery|corn-on-the-cob|cucumber|eggplant|green-beans|iceberg-lettuce|okra|raspberry|red-leaf-lettuce|romaine-lettuce|zucchini
lime,2003-04-09,up,307,2665,655,112,4,1,wholesale,acorn-squash|napa-cabbage
lime,2004-05-19,up,240,1905,560,112,5,0,wholesale,cauliflower|jalapeno|pear|ribeye|striploin
lime,2022-04-13,up,225,8800,2710,119,4,1,wholesale,poblano-pepper
lime,2006-03-15,up,224,4110,1270,126,3,1,wholesale,asparagus|corn-on-the-cob|kale
mint,2025-12-31,up,33,1733,1300,92,12,0,wholesale,brussels-sprouts|ginger|green-onion|raspberry|whole-chicken
napa-cabbage,2017-05-10,up,206,5210,1700,140,5,1,wholesale,broccoli|cauliflower|celery|green-leaf-lettuce|iceberg-lettuce|parsley|red-leaf-lettuce|ribeye|romaine-lettuce
napa-cabbage,2003-04-16,up,153,3025,1194,70,4,1,wholesale,acorn-squash|green-leaf-lettuce|lime
napa-cabbage,2005-04-06,up,116,3143,1458,77,4,1,wholesale,brussels-sprouts|collard-greens|kale|red-onion|serrano-pepper
napa-cabbage,2020-05-13,up,102,3440,1700,126,5,1,wholesale,garlic|ground-pork|poblano-pepper|pork-loin|pork-shoulder|red-potato|ribeye|striploin
napa-cabbage,2010-04-07,up,91,2925,1528,63,4,1,wholesale,asparagus|bell-pepper|brussels-sprouts|cherry-tomato|corn-on-the-cob|green-beans|jalapeno|red-onion|watermelon
napa-cabbage,2009-10-14,up,85,2775,1500,84,10,1,wholesale,blueberry|grapefruit|romaine-lettuce
okra,2011-01-19,up,176,3200,1160,133,1,1,wholesale,beet|celery|green-beans|iceberg-lettuce|lime|raspberry|red-leaf-lettuce|romaine-lettuce|zucchini
okra,2021-02-03,up,165,4233,1600,140,2,1,wholesale,artichoke|celery
okra,2009-01-21,up,148,2850,1150,161,1,1,wholesale,
okra,2022-02-02,up,138,4050,1700,105,2,1,wholesale,poblano-pepper
okra,2014-01-29,up,112,2650,1250,57,1,1,wholesale,beet
okra,2008-01-30,up,104,2420,1185,55,1,1,wholesale,artichoke|cucumber|green-beans|watermelon|zucchini
onion,2007-04-18,up,56,1840,1180,126,4,0,wholesale,beet|butter-lettuce|butternut-squash|cucumber|red-onion|red-potato|short-rib
onion,2001-05-16,down,-42,640,1113,63,5,0,wholesale,beef-tenderloin|russet-potato|short-rib
onion,2025-08-27,up,41,2040,1450,70,8,1,wholesale,bell-pepper|pineapple|pumpkin|whole-chicken
onion,2012-10-31,down,-37,850,1350,70,10,0,wholesale,pineapple
onion,2013-08-14,up,34,1940,1450,63,8,1,wholesale,lemon|pork-loin|pumpkin|red-potato|russet-potato
onion,2008-09-24,up,33,2260,1700,112,9,1,wholesale,apple|broccoli|short-rib
parsley,2002-12-18,up,173,2340,858,63,12,1,wholesale,eggplant|yellow-squash
parsley,2013-06-19,up,77,2330,1319,98,6,1,wholesale,pork-loin|striploin
parsley,2010-06-02,up,74,1894,1088,49,6,1,wholesale,asparagus|jalapeno|pear|red-onion
parsley,2009-12-09,up,74,1870,1073,91,12,1,wholesale,blueberry|pumpkin|raspberry|romaine-lettuce|watermelon
parsley,2017-05-24,up,72,2320,1350,105,5,1,wholesale,broccoli|cantaloupe|cauliflower|celery|green-leaf-lettuce|iceberg-lettuce|napa-cabbage|red-leaf-lettuce|ribeye|romaine-lettuce
parsley,2011-04-27,up,71,2015,1180,77,4,0,wholesale,corn-on-the-cob|cucumber|tomato
pear,2010-07-07,up,42,2850,2010,35,7,1,wholesale,asparagus|garlic|parsley
pear,2001-07-18,up,37,2250,1645,77,7,1,wholesale,carrot|celery|collard-greens|leek|russet-potato|rutabaga
pear,2012-06-27,up,35,3000,2220,56,6,1,wholesale,
pear,2004-06-23,up,35,2280,1690,70,6,1,wholesale,carrot|cauliflower|lime|rutabaga|striploin
pear,2025-02-19,up,34,5150,3850,105,2,0,wholesale,butternut-squash|cantaloupe|eggs
pear,2008-09-03,down,-30,1469,2100,77,9,0,wholesale,
pineapple,2011-08-10,up,142,2710,1120,63,8,1,wholesale,avocado
pineapple,2025-09-03,up,84,2850,1550,42,9,1,wholesale,bell-pepper|onion|pumpkin|whole-chicken
pineapple,2015-09-30,up,66,2185,1320,49,9,1,wholesale,cabbage
pineapple,2014-07-30,down,-59,485,1190,35,7,0,wholesale,
pineapple,2007-09-12,up,56,1940,1240,35,9,1,wholesale,blueberry|cabbage
pineapple,2012-12-12,down,-46,635,1185,70,12,0,wholesale,onion
poblano-pepper,2022-01-05,up,78,4350,2450,147,1,0,wholesale,jalapeno|okra
poblano-pepper,2026-04-08,up,65,3800,2300,90,4,1,wholesale,carrot|cherry-tomato|chicken-breast|chicken-thigh|dill|green-beans|jalapeno|spinach|tomato|vegetable-oil
poblano-pepper,2020-12-02,up,53,2800,1830,84,12,0,wholesale,celery|cheddar-cheese
poblano-pepper,2012-12-19,up,45,2530,1750,35,12,0,wholesale,asparagus|broccoli|cabbage|red-leaf-lettuce|spinach|zucchini
poblano-pepper,2020-04-01,up,42,2700,1900,56,4,1,wholesale,napa-cabbage|pork-loin
poblano-pepper,2022-04-06,up,35,3300,2450,147,4,1,wholesale,lime
pork-belly,2014-06-01,up,31,20090,15340,275,6,0,index,
pork-loin,2020-05-13,up,110,149,71,77,5,0,wholesale,garlic|ground-pork|napa-cabbage|poblano-pepper|pork-shoulder|red-potato|ribeye|striploin
pork-loin,2021-06-09,up,28,124,97,105,6,1,wholesale,beef-tenderloin|ground-pork|pork-shoulder|vegetable-oil
pork-loin,2014-03-19,up,26,142,113,21,3,0,wholesale,beet|lime
pork-loin,2021-12-08,down,-25,76,101,70,12,0,wholesale,beet
pork-loin,2013-07-03,up,24,115,93,28,7,1,wholesale,onion|parsley|russet-potato|striploin
pork-loin,2017-07-12,up,22,95,78,77,7,1,wholesale,cantaloupe|ribeye
pork-shoulder,2020-05-20,up,100,162,81,35,5,1,wholesale,asparagus|garlic|ground-pork|napa-cabbage|pork-loin|red-potato|ribeye|striploin
pork-shoulder,2021-06-16,up,84,197,107,70,6,1,wholesale,beef-tenderloin|ground-pork|pork-loin|vegetable-oil
pork-shoulder,2023-06-28,up,48,161,109,63,6,1,wholesale,ground-pork
pork-shoulder,2022-07-13,up,43,159,111,63,7,1,wholesale,ground-pork
pork-shoulder,2015-05-27,up,42,119,84,42,5,1,wholesale,ground-pork|striploin
pork-shoulder,2025-06-18,up,31,145,111,56,6,1,wholesale,bell-pepper|chicken-breast|chicken-thigh|collard-greens|dill|ground-pork
pumpkin,2009-09-01,up,825,50000,5406,338,9,0,wholesale,
pumpkin,2013-09-11,up,503,40000,6630,271,9,0,wholesale,lemon|onion|red-potato|russet-potato
pumpkin,2009-11-27,up,440,49000,9075,322,11,0,wholesale,blueberry|grapefruit|parsley|raspberry|romaine-lettuce|watermelon
pumpkin,2001-09-26,up,238,4275,1265,35,9,0,wholesale,eggplant|short-rib
pumpkin,2025-09-17,up,233,25000,7500,7,9,0,wholesale,onion|pineapple|whole-chicken
pumpkin,2015-01-28,up,187,35000,12200,48,1,1,wholesale,cabbage|watermelon
raspberry,2011-01-19,up,119,4175,1910,140,1,1,wholesale,beet|celery|green-beans|iceberg-lettuce|lime|okra|red-leaf-lettuce|romaine-lettuce|zucchini
raspberry,2012-03-26,up,118,4225,1940,70,3,1,wholesale,acorn-squash|corn-on-the-cob
raspberry,2025-12-23,up,101,3725,1850,28,12,0,wholesale,brussels-sprouts|ginger|green-onion|mint|whole-chicken
raspberry,2013-03-06,up,92,3700,1930,154,3,1,wholesale,kale|red-leaf-lettuce|red-onion|romaine-lettuce|spinach|watermelon|zucchini
raspberry,2009-12-23,up,82,4560,2506,91,12,0,wholesale,habanero-pepper|parsley|pumpkin|romaine-lettuce|watermelon
raspberry,2021-04-21,up,81,3820,2106,112,4,1,wholesale,beef-tenderloin|vegetable-oil
red-leaf-lettuce,2002-02-20,up,405,3888,770,98,2,0,wholesale,broccoli|butter-lettuce|green-leaf-lettuce|iceberg-lettuce|red-potato|romaine-lettuce
red-leaf-lettuce,2017-04-19,up,324,5115,1205,105,4,1,wholesale,broccoli|cauliflower|celery|green-leaf-lettuce|iceberg-lettuce|napa-cabbage|parsley|romaine-lettuce
red-leaf-lettuce,2018-12-05,up,240,4520,1330,77,12,1,wholesale,butter-lettuce|green-leaf-lettuce|green-onion|iceberg-lettuce|leek|serrano-pepper|spinach
red-leaf-lettuce,2022-11-09,up,238,7270,2150,119,11,0,wholesale,butter-lettuce|cucumber|green-leaf-lettuce|iceberg-lettuce|romaine-lettuce|tomato
red-leaf-lettuce,2011-02-16,up,167,2920,1095,63,2,0,wholesale,beet|celery|corn-on-the-cob|cucumber|eggplant|green-beans|iceberg-lettuce|lime|okra|raspberry|romaine-lettuce|zucchini
red-leaf-lettuce,2013-01-30,up,151,2645,1053,42,1,1,wholesale,asparagus|broccoli|cabbage|kale|poblano-pepper|raspberry|romaine-lettuce|spinach|watermelon|zucchini
red-onion,2010-04-28,up,130,3100,1350,154,4,0,wholesale,asparagus|bell-pepper|brussels-sprouts|cherry-tomato|corn-on-the-cob|jalapeno|napa-cabbage|parsley|watermelon
red-onion,2013-04-10,up,96,2680,1370,147,4,0,wholesale,raspberry
red-onion,2007-04-04,up,93,2185,1130,77,4,0,wholesale,beet|butter-lettuce|butternut-squash|celery|cucumber|onion|red-potato
red-onion,2005-05-18,up,83,1770,965,140,5,1,wholesale,artichoke|brussels-sprouts|butternut-squash|collard-greens|eggplant|kale|leek|napa-cabbage|serrano-pepper
red-onion,2001-04-25,up,76,1450,825,56,4,0,wholesale,butternut-squash|cabbage|collard-greens|eggplant|jalapeno|kale
red-onion,2002-05-29,up,67,1381,825,126,5,1,wholesale,acorn-squash|avocado|bell-pepper|eggplant|serrano-pepper
red-potato,2020-06-10,up,48,4600,3100,91,6,0,wholesale,asparagus|garlic|ground-pork|napa-cabbage|pork-loin|pork-shoulder|ribeye|striploin
red-potato,2013-08-28,up,45,3330,2300,161,8,0,wholesale,lemon|onion|pumpkin|russet-potato
red-potato,2007-05-02,up,44,2590,1800,49,5,0,wholesale,butter-lettuce|butternut-squash|onion|red-onion|short-rib
red-potato,2019-07-24,up,38,3445,2500,63,7,0,wholesale,avocado|celery|rutabaga|snow-peas
red-potato,2003-06-25,down,-37,1000,1600,91,6,0,wholesale,
red-potato,2002-03-27,up,35,2175,1606,77,3,0,wholesale,acorn-squash|butter-lettuce|green-leaf-lettuce|iceberg-lettuce|red-leaf-lettuce|romaine-lettuce|serrano-pepper
ribeye,2003-10-15,up,40,756,539,91,10,0,wholesale,artichoke|beef-tenderloin|iceberg-lettuce|leek
ribeye,2021-09-08,up,39,1451,1045,56,9,0,wholesale,garlic
ribeye,2020-05-20,up,38,1128,815,42,5,1,wholesale,asparagus|garlic|ground-pork|napa-cabbage|pork-loin|pork-shoulder|red-potato|striploin
ribeye,2017-06-14,up,38,1012,733,49,6,1,wholesale,cantaloupe|celery|napa-cabbage|parsley|pork-loin
ribeye,2008-11-19,up,38,677,491,35,11,1,wholesale,broccoli|short-rib
ribeye,2004-05-05,up,36,721,531,56,5,1,wholesale,acorn-squash|butternut-squash|cauliflower|jalapeno|lime|striploin|vegetable-oil
romaine-lettuce,2022-11-16,up,263,9250,2550,119,11,1,wholesale,butter-lettuce|cucumber|green-leaf-lettuce|iceberg-lettuce|red-leaf-lettuce|tomato
romaine-lettuce,2002-02-27,up,256,3360,944,112,2,0,wholesale,broccoli|butter-lettuce|green-leaf-lettuce|iceberg-lettuce|red-leaf-lettuce|red-potato
romaine-lettuce,2017-04-12,up,251,5700,1625,77,4,0,wholesale,broccoli|cauliflower|celery|green-leaf-lettuce|iceberg-lettuce|napa-cabbage|parsley|red-leaf-lettuce
romaine-lettuce,2011-03-02,up,186,4140,1450,63,3,1,wholesale,beet|celery|corn-on-the-cob|cucumber|eggplant|green-beans|iceberg-lettuce|lime|okra|raspberry|red-leaf-lettuce|tomato|zucchini
romaine-lettuce,2009-11-25,up,170,4055,1500,63,11,1,wholesale,blueberry|grapefruit|napa-cabbage|parsley|pumpkin|raspberry|watermelon
romaine-lettuce,2013-02-06,up,167,3905,1460,91,2,0,wholesale,asparagus|broccoli|cabbage|kale|raspberry|red-leaf-lettuce|spinach|watermelon|zucchini
russet-potato,2013-08-14,up,61,2130,1325,112,8,1,wholesale,lemon|onion|pork-loin|pumpkin|red-potato
russet-potato,2022-09-07,up,48,4900,3315,77,9,1,wholesale,chicken-breast|chicken-thigh|cucumber|green-onion
russet-potato,2001-04-18,down,-48,600,1160,63,4,0,wholesale,onion
russet-potato,2008-08-06,up,41,2400,1700,119,8,1,wholesale,apple|bell-pepper|carrot|green-beans|vegetable-oil
russet-potato,2001-08-06,up,41,1550,1100,63,8,1,wholesale,carrot|leek|pear|rutabaga
russet-potato,2020-08-26,up,39,2375,1706,56,8,1,wholesale,cheddar-cheese|spinach
rutabaga,2003-07-23,up,115,1850,860,98,7,0,wholesale,apple|bell-pepper|carrot|grapefruit|lemon
rutabaga,2004-07-28,up,69,1520,900,56,7,0,wholesale,carrot|cauliflower|pear
rutabaga,2006-07-26,up,49,2050,1380,121,7,0,wholesale,apple
rutabaga,2001-08-01,up,45,1620,1115,112,8,1,wholesale,carrot|leek|pear|russet-potato
rutabaga,2019-08-21,up,42,3750,2640,84,8,1,wholesale,red-potato
rutabaga,2002-08-07,up,42,1190,838,42,8,1,wholesale,broccoli|brussels-sprouts|carrot|grapefruit|lemon
serrano-pepper,2006-11-01,up,342,393,89,84,11,1,wholesale,grapefruit|green-onion|tomato
serrano-pepper,2019-01-09,up,264,200,55,98,1,0,wholesale,butter-lettuce|collard-greens|green-leaf-lettuce|green-onion|iceberg-lettuce|leek|red-leaf-lettuce|spinach
serrano-pepper,2021-11-17,up,236,6150,1833,84,11,1,wholesale,corn-on-the-cob|garlic|jalapeno
serrano-pepper,2024-05-15,up,202,8155,2700,112,5,1,wholesale,habanero-pepper
serrano-pepper,2002-05-08,up,150,864,346,77,5,1,wholesale,acorn-squash|avocado|bell-pepper|eggplant|red-onion|red-potato
serrano-pepper,2005-04-06,up,128,804,352,56,4,1,wholesale,brussels-sprouts|collard-greens|kale|napa-cabbage|red-onion
short-rib,2001-06-20,down,-100,0,81,105,6,0,wholesale,beef-tenderloin|onion
short-rib,2007-05-23,up,86,268,144,105,5,0,wholesale,butter-lettuce|onion|red-potato
short-rib,2005-12-28,up,44,176,122,63,12,0,wholesale,beef-tenderloin|cherry-tomato|green-beans|kale|yellow-squash
short-rib,2008-10-08,up,37,261,190,98,10,0,wholesale,apple|broccoli|onion|ribeye
short-rib,2007-11-07,down,-30,126,180,98,11,1,wholesale,
short-rib,2001-09-19,up,28,141,110,42,9,0,wholesale,carrot|eggplant|pumpkin
snow-peas,2017-10-25,up,167,4535,1700,77,10,1,wholesale,avocado|spinach
snow-peas,2012-09-12,up,154,3710,1458,35,9,0,wholesale,butter|grapefruit
snow-peas,2004-10-06,up,128,3100,1358,98,10,1,wholesale,bell-pepper|blueberry|cherry-tomato|tomato|yellow-squash
snow-peas,2013-11-20,up,119,3510,1600,84,11,1,wholesale,cantaloupe|cauliflower|corn-on-the-cob
snow-peas,2019-06-26,up,108,3908,1875,63,6,1,wholesale,avocado|brussels-sprouts|celery|red-potato
snow-peas,2005-08-03,up,107,2800,1350,91,8,0,wholesale,artichoke|eggplant|garlic
spinach,2026-02-25,up,148,4750,1913,119,2,0,wholesale,carrot|cherry-tomato|chicken-breast|ginger|green-beans|poblano-pepper|tomato|whole-chicken
spinach,2013-01-30,up,78,2270,1275,21,1,1,wholesale,asparagus|broccoli|cabbage|kale|poblano-pepper|raspberry|red-leaf-lettuce|romaine-lettuce|watermelon|zucchini
spinach,2020-09-23,up,72,2500,1450,28,9,1,wholesale,russet-potato
spinach,2024-12-04,up,62,3369,2075,112,12,0,wholesale,
spinach,2018-12-05,up,62,2345,1450,70,12,0,wholesale,butter-lettuce|green-leaf-lettuce|green-onion|iceberg-lettuce|leek|red-leaf-lettuce|serrano-pepper
spinach,2017-10-11,up,50,1985,1325,21,10,1,wholesale,apple|avocado|snow-peas
striploin,2020-05-27,up,88,1127,601,105,5,1,wholesale,asparagus|garlic|ground-pork|napa-cabbage|pork-loin|pork-shoulder|red-potato|ribeye
striploin,2013-05-29,up,64,818,499,77,5,1,wholesale,parsley|pork-loin
striploin,2016-06-08,up,61,941,583,140,6,1,wholesale,avocado|collard-greens
striploin,2004-05-12,up,56,758,487,119,5,1,wholesale,acorn-squash|cauliflower|jalapeno|lime|pear|ribeye|vegetable-oil
striploin,2015-05-20,up,55,941,608,91,5,1,wholesale,ground-pork|pork-shoulder
striploin,2018-05-30,up,54,860,560,140,5,1,wholesale,beet|brussels-sprouts
tomato,2004-11-17,up,182,3888,1380,84,11,1,wholesale,bell-pepper|blueberry|butter-lettuce|cantaloupe|cherry-tomato|snow-peas|yellow-squash
tomato,2026-04-08,up,174,6030,2200,91,4,0,wholesale,carrot|cherry-tomato|chicken-breast|chicken-thigh|dill|green-beans|jalapeno|poblano-pepper|spinach|vegetable-oil
tomato,2014-12-03,up,154,3431,1350,91,12,1,wholesale,cabbage|cantaloupe|cherry-tomato|watermelon
tomato,2011-04-06,up,145,2740,1117,84,4,0,wholesale,beet|corn-on-the-cob|cucumber|eggplant|iceberg-lettuce|parsley|romaine-lettuce|zucchini
tomato,2022-11-30,up,128,4125,1813,147,11,1,wholesale,artichoke|butter-lettuce|cucumber|green-leaf-lettuce|iceberg-lettuce|red-leaf-lettuce|romaine-lettuce
tomato,2006-09-27,up,114,2675,1250,49,9,0,wholesale,apple|grapefruit|green-onion|serrano-pepper
vegetable-oil,2008-07-01,up,59,23540,14810,305,7,0,index,bell-pepper|carrot|green-beans|russet-potato
vegetable-oil,2026-05-01,up,45,35046,24148,273,5,1,index,carrot|cherry-tomato|chicken-breast|chicken-thigh|dill|jalapeno|poblano-pepper|tomato
vegetable-oil,2002-05-01,down,-32,5240,7740,304,5,1,index,
vegetable-oil,2010-05-01,down,-27,15180,20840,426,5,1,index,
vegetable-oil,2021-06-01,up,23,25360,20630,123,6,1,index,beef-tenderloin|ground-pork|pork-loin|pork-shoulder|raspberry
vegetable-oil,2004-04-01,up,21,12050,9950,152,4,0,index,acorn-squash|butternut-squash|jalapeno|ribeye|striploin
watermelon,2013-02-20,up,7272,2138,29,98,2,1,wholesale,asparagus|broccoli|cabbage|kale|raspberry|red-leaf-lettuce|romaine-lettuce|spinach|zucchini
watermelon,2010-03-31,up,5593,1537,27,147,3,1,wholesale,asparagus|bell-pepper|brussels-sprouts|cherry-tomato|corn-on-the-cob|green-beans|jalapeno|napa-cabbage|red-onion|yellow-squash
watermelon,2015-01-14,up,4084,1590,38,126,1,1,wholesale,cabbage|pumpkin|tomato
watermelon,2008-02-27,up,3217,962,29,42,2,1,wholesale,acorn-squash|green-beans|okra
watermelon,2009-12-30,up,3146,844,26,147,12,0,wholesale,habanero-pepper|parsley|pumpkin|raspberry|romaine-lettuce
watermelon,2014-10-15,up,2205,922,40,126,10,0,wholesale,butter|cantaloupe|cherry-tomato|garlic
whole-chicken,2025-08-18,up,43,173,121,77,8,1,wholesale,bell-pepper|onion|pineapple|pumpkin
whole-chicken,2025-05-05,down,-27,117,160,98,5,0,wholesale,
whole-chicken,2026-02-02,up,21,121,100,28,2,1,wholesale,brussels-sprouts|ginger|green-beans|green-onion|mint|raspberry|spinach
whole-turkey,2025-02-03,down,-21,86,109,28,2,0,wholesale,bok-choy
yellow-squash,2004-10-06,up,213,3360,1075,28,10,0,wholesale,bell-pepper|blueberry|cherry-tomato|snow-peas|tomato
yellow-squash,2003-01-22,up,196,3400,1150,50,1,1,wholesale,parsley
yellow-squash,2016-01-27,up,189,3900,1350,91,1,1,wholesale,cabbage|jalapeno|zucchini
yellow-squash,2005-12-07,up,182,3150,1117,63,12,0,wholesale,beef-tenderloin|cherry-tomato|green-beans|short-rib
yellow-squash,2010-02-17,up,143,2763,1138,112,2,1,wholesale,bell-pepper|cherry-tomato|corn-on-the-cob|green-beans|habanero-pepper|watermelon
yellow-squash,2024-02-07,up,136,4500,1910,77,2,1,wholesale,cherry-tomato|cucumber|habanero-pepper|zucchini
zucchini,2011-02-23,up,364,4288,925,42,2,1,wholesale,beet|celery|corn-on-the-cob|cucumber|eggplant|green-beans|iceberg-lettuce|lime|okra|raspberry|red-leaf-lettuce|romaine-lettuce|tomato
zucchini,2008-01-09,up,199,2870,960,63,1,1,wholesale,artichoke|cucumber|green-beans|leek|okra
zucchini,2013-01-23,up,170,2750,1020,77,1,1,wholesale,asparagus|broccoli|cabbage|kale|poblano-pepper|raspberry|red-leaf-lettuce|romaine-lettuce|spinach|watermelon
zucchini,2024-01-24,up,167,4140,1550,84,1,1,wholesale,cherry-tomato|cucumber|habanero-pepper|yellow-squash
zucchini,2016-01-20,up,150,3350,1340,77,1,1,wholesale,broccoli|cabbage|cauliflower|jalapeno|yellow-squash
zucchini,2004-01-28,up,145,2030,830,91,1,1,wholesale,cauliflower
