slug,month,median_cents,p25_cents,p75_cents,n
apple,1,3100,2900,3300,21
apple,2,2992,2874,3150,20
apple,3,3000,2889,3210,22
apple,4,2900,2818,3244,22
apple,5,2850,2771,2900,22
apple,6,2900,2850,2953,21
apple,7,2950,2878,2991,19
apple,8,2950,2818,3151,18
apple,9,2934,2888,3299,16
apple,10,3300,3225,3300,18
apple,11,3185,3150,3271,18
apple,12,3263,3120,3300,18
asparagus,1,3680,3088,3825,21
asparagus,2,3450,3178,3815,20
asparagus,3,2668,2295,3629,22
asparagus,4,3373,2909,4276,22
asparagus,5,3505,3219,3765,22
asparagus,6,2950,2708,3259,22
asparagus,7,3438,2918,4356,18
asparagus,8,3945,3655,4345,18
asparagus,9,3775,3444,4075,16
asparagus,10,3680,3046,4411,18
asparagus,11,3185,3002,3598,18
asparagus,12,3660,3058,3860,18
banana,1,2175,2000,2200,21
banana,2,2200,2050,2203,20
banana,3,2200,2050,2200,22
banana,4,2113,2028,2200,22
banana,5,2125,1975,2200,22
banana,6,1975,1950,2200,21
banana,7,1950,1900,2200,19
banana,8,2163,1881,2200,18
banana,9,2163,1875,2200,16
banana,10,2030,1900,2200,18
banana,11,2038,1813,2188,18
banana,12,2125,2000,2175,18
beef-tenderloin,1,1335,1266,1486,21
beef-tenderloin,2,1286,1261,1426,20
beef-tenderloin,3,1300,1232,1390,22
beef-tenderloin,4,1342,1245,1401,22
beef-tenderloin,5,1368,1321,1404,23
beef-tenderloin,6,1372,1259,1409,21
beef-tenderloin,7,1247,1119,1359,18
beef-tenderloin,8,1266,1088,1391,18
beef-tenderloin,9,1311,1191,1412,16
beef-tenderloin,10,1398,1291,1589,19
beef-tenderloin,11,1521,1253,1560,17
beef-tenderloin,12,1564,1493,1657,18
beet,1,2388,1950,2467,21
beet,2,2394,2330,2500,20
beet,3,2388,2145,2466,22
beet,4,2250,2168,2387,22
beet,5,2235,2015,2375,22
beet,6,2294,2100,2356,22
beet,7,2280,2015,2603,18
beet,8,1900,1863,2170,18
beet,9,1900,1881,2035,16
beet,10,2280,2085,2651,18
beet,11,2310,2263,2604,18
beet,12,2263,1950,2437,18
bell-pepper,1,2500,1900,3156,21
bell-pepper,2,2325,2000,3350,20
bell-pepper,3,2550,2405,3850,22
bell-pepper,4,2620,2336,2951,22
bell-pepper,5,2255,2170,2458,22
bell-pepper,6,2550,2250,2638,22
bell-pepper,7,3000,2453,3683,18
bell-pepper,8,3040,2510,3665,18
bell-pepper,9,2975,2695,3600,16
bell-pepper,10,2495,1888,3030,18
bell-pepper,11,2994,2256,3469,18
bell-pepper,12,2975,2795,3719,18
blueberry,1,2838,2238,3325,21
blueberry,2,2230,2029,2760,20
blueberry,3,2315,1703,3343,22
blueberry,4,3640,2805,4245,22
blueberry,5,2470,2024,2698,22
blueberry,6,2275,1800,2720,21
blueberry,7,2160,1775,2677,19
blueberry,8,1940,1725,2123,18
blueberry,9,2575,2331,3290,16
blueberry,10,4534,2928,5132,18
blueberry,11,2595,2022,3074,18
blueberry,12,2305,1916,2938,18
butternut-squash,1,2275,2000,2500,21
butternut-squash,2,2495,2314,2700,20
butternut-squash,3,2425,2275,2488,22
butternut-squash,4,2473,2369,2579,22
butternut-squash,5,2500,2425,3160,22
butternut-squash,6,2725,2400,3150,22
butternut-squash,7,2825,2281,3213,18
butternut-squash,8,2570,2236,2950,18
butternut-squash,9,2300,2219,2455,16
butternut-squash,10,2500,2365,5118,18
butternut-squash,11,2328,2013,2379,18
butternut-squash,12,2350,1950,2350,18
button-mushroom,1,2750,2725,2850,21
button-mushroom,2,2750,2725,2850,20
button-mushroom,3,2750,2725,2850,22
button-mushroom,4,2750,2728,2850,22
button-mushroom,5,2750,2738,2750,22
button-mushroom,6,2750,2738,2750,22
button-mushroom,7,2739,2672,2825,18
button-mushroom,8,2732,2725,2825,18
button-mushroom,9,2775,2706,2831,16
button-mushroom,10,2775,2669,2844,18
button-mushroom,11,2750,2725,2833,18
button-mushroom,12,2850,2750,2850,18
cabbage,1,2570,2375,3330,21
cabbage,2,2600,2259,3074,20
cabbage,3,2605,2350,2753,22
cabbage,4,2408,2279,2548,22
cabbage,5,2983,2325,3100,22
cabbage,6,3100,2918,3494,22
cabbage,7,3182,2324,3308,18
cabbage,8,2523,2150,3085,18
cabbage,9,2580,2291,2729,16
cabbage,10,2708,2444,2888,18
cabbage,11,2798,2315,3100,18
cabbage,12,3007,2455,3480,18
cantaloupe,1,2163,1750,2325,21
cantaloupe,2,2073,1811,2408,20
cantaloupe,3,1865,1693,2038,22
cantaloupe,4,1990,1788,2175,22
cantaloupe,5,2095,1883,2329,22
cantaloupe,6,2320,1960,2531,21
cantaloupe,7,2000,1829,2288,19
cantaloupe,8,1800,1683,1883,18
cantaloupe,9,2013,1788,2160,16
cantaloupe,10,2143,1910,2398,18
cantaloupe,11,2434,2141,2683,18
cantaloupe,12,2325,2018,2645,18
cauliflower,1,2850,2513,3290,21
cauliflower,2,3150,2938,3325,20
cauliflower,3,2900,2600,3251,22
cauliflower,4,2685,2485,3145,22
cauliflower,5,2885,2150,3288,22
cauliflower,6,2594,2150,2720,22
cauliflower,7,2628,2550,2893,18
cauliflower,8,2510,2400,2978,18
cauliflower,9,2400,2398,2988,16
cauliflower,10,2600,2583,3350,18
cauliflower,11,3393,2600,3686,18
cauliflower,12,3450,2510,3854,18
celery,1,2550,1900,4188,21
celery,2,2363,1700,3925,20
celery,3,2400,2173,2568,22
celery,4,2035,1770,2366,22
celery,5,2852,2296,3735,22
celery,6,2288,2120,2615,22
celery,7,1997,1816,2169,18
celery,8,1750,1511,1974,18
celery,9,1735,1700,1950,16
celery,10,1745,1700,2100,18
celery,11,2583,2000,3293,18
celery,12,3590,2843,5440,18
cherry-tomato,1,2361,2100,2500,21
cherry-tomato,2,2194,2100,2451,20
cherry-tomato,3,2325,2150,2515,22
cherry-tomato,4,2150,1850,2810,22
cherry-tomato,5,1900,1600,2300,22
cherry-tomato,6,1913,1794,2250,22
cherry-tomato,7,1865,1538,1900,18
cherry-tomato,8,1820,1800,2043,18
cherry-tomato,9,1825,1725,2043,16
cherry-tomato,10,1800,1575,2469,18
cherry-tomato,11,2500,2074,2888,18
cherry-tomato,12,2400,1819,2798,18
collard-greens,1,2775,2250,2975,21
collard-greens,2,2250,2225,2775,20
collard-greens,3,2750,2300,2819,22
collard-greens,4,2750,2250,2819,22
collard-greens,5,2585,2213,2838,22
collard-greens,6,2310,2213,2955,22
collard-greens,7,2470,2200,2894,18
collard-greens,8,2800,2775,2875,18
collard-greens,9,2788,2463,2819,16
collard-greens,10,2775,2338,2800,18
collard-greens,11,2775,2739,2814,18
collard-greens,12,2775,2372,2975,18
cucumber,1,2100,1769,2640,21
cucumber,2,2493,2198,2626,20
cucumber,3,2250,2035,2450,22
cucumber,4,2143,1930,2340,22
cucumber,5,1700,1509,1995,22
cucumber,6,1840,1700,1925,22
cucumber,7,1490,1450,1788,18
cucumber,8,1530,1450,1839,18
cucumber,9,2200,1810,2741,16
cucumber,10,2100,1750,2735,18
cucumber,11,1818,1674,2348,18
cucumber,12,1830,1716,2900,18
eggplant,1,1750,1700,2700,21
eggplant,2,1825,1738,2423,20
eggplant,3,2050,1900,2450,22
eggplant,4,2480,1970,2625,22
eggplant,5,2060,2000,2531,22
eggplant,6,2382,2135,2750,22
eggplant,7,2620,2185,3044,18
eggplant,8,2575,2000,2866,18
eggplant,9,2438,2238,2505,16
eggplant,10,2300,2205,2500,18
eggplant,11,2475,1925,2598,18
eggplant,12,2163,1750,3050,18
grapefruit,1,3788,3700,4000,21
grapefruit,2,3750,3570,3803,20
grapefruit,3,3738,3555,3818,22
grapefruit,4,3610,3470,3664,22
grapefruit,5,3400,3334,3571,22
grapefruit,6,3400,3250,3580,21
grapefruit,7,3625,3560,3695,19
grapefruit,8,3500,3500,3600,18
grapefruit,9,3595,3500,3640,16
grapefruit,10,3800,3565,4158,18
grapefruit,11,3863,3800,3988,18
grapefruit,12,3793,3700,4188,18
green-leaf-lettuce,1,1663,1550,1970,21
green-leaf-lettuce,2,1832,1488,2384,20
green-leaf-lettuce,3,2220,1651,2569,22
green-leaf-lettuce,4,2120,1817,2584,22
green-leaf-lettuce,5,2375,1676,2851,22
green-leaf-lettuce,6,1908,1650,2446,22
green-leaf-lettuce,7,2215,1730,2686,18
green-leaf-lettuce,8,2684,1861,2847,18
green-leaf-lettuce,9,2750,1829,2950,16
green-leaf-lettuce,10,2620,1888,4637,18
green-leaf-lettuce,11,3398,2040,5344,18
green-leaf-lettuce,12,2740,2016,3000,18
green-onion,1,3365,2225,3700,21
green-onion,2,2050,1625,3421,20
green-onion,3,1548,1439,2343,22
green-onion,4,1663,1290,2338,22
green-onion,5,1365,1150,1540,22
green-onion,6,1265,1150,1538,22
green-onion,7,1300,1150,1591,18
green-onion,8,1895,1500,3075,18
green-onion,9,3988,3363,4550,16
green-onion,10,2308,2045,3665,18
green-onion,11,2175,1375,3165,18
green-onion,12,2355,1538,3775,18
habanero-pepper,1,3600,3525,3900,21
habanero-pepper,2,3300,2800,3850,20
habanero-pepper,3,3100,2755,3850,22
habanero-pepper,4,3200,2550,3813,22
habanero-pepper,5,3100,2550,3229,22
habanero-pepper,6,3100,2600,3313,22
habanero-pepper,7,2775,2338,3100,18
habanero-pepper,8,2775,2600,2950,18
habanero-pepper,9,2895,2513,2988,16
habanero-pepper,10,2925,2413,3463,18
habanero-pepper,11,3313,3050,3593,18
habanero-pepper,12,3350,2613,3600,18
jalapeno,1,2350,2250,2500,21
jalapeno,2,2225,2050,3228,20
jalapeno,3,2500,2175,3060,22
jalapeno,4,2500,2250,3350,22
jalapeno,5,2550,2425,2800,22
jalapeno,6,2190,2150,2590,22
jalapeno,7,2600,2503,3135,18
jalapeno,8,2515,2300,2875,18
jalapeno,9,2250,2088,2333,16
jalapeno,10,2220,2153,2298,18
jalapeno,11,2325,2300,2350,18
jalapeno,12,2350,2306,2383,18
kale,1,2300,2275,2488,21
kale,2,2375,2100,2525,20
kale,3,2415,2100,2525,22
kale,4,2183,2100,2425,22
kale,5,2125,1750,2635,22
kale,6,2125,1750,2485,22
kale,7,2401,2125,2600,18
kale,8,2307,2225,2753,18
kale,9,2332,2206,2510,16
kale,10,2253,1831,2275,18
kale,11,2328,2238,2431,18
kale,12,2353,2106,2402,18
leek,1,3095,2950,4000,21
leek,2,2950,2354,3392,20
leek,3,2925,2400,3828,22
leek,4,2800,2400,3788,22
leek,5,3023,2500,3750,22
leek,6,3075,2710,3250,22
leek,7,3250,3038,3325,18
leek,8,3300,3250,3350,18
leek,9,3200,2950,3300,16
leek,10,3198,2900,3238,18
leek,11,3500,3188,3842,18
leek,12,3438,3150,3938,18
lemon,1,2500,2360,2650,21
lemon,2,2490,2350,2615,20
lemon,3,2480,2305,2600,22
lemon,4,2825,2578,3138,22
lemon,5,3055,2778,3940,22
lemon,6,3238,3040,4329,22
lemon,7,3730,3384,4140,18
lemon,8,4023,3053,4090,18
lemon,9,4050,3715,4253,16
lemon,10,4155,3855,4250,18
lemon,11,3300,2911,4373,18
lemon,12,2750,2360,2810,18
lime,1,3800,3250,4220,21
lime,2,3743,3348,4369,20
lime,3,5285,3910,6198,22
lime,4,6018,4153,7386,22
lime,5,4135,3263,4850,22
lime,6,2450,2329,3038,22
lime,7,2451,2223,2955,18
lime,8,3023,2618,3373,18
lime,9,4172,3203,4878,16
lime,10,2645,2213,4548,18
lime,11,2140,1925,3110,18
lime,12,2538,2000,2871,18
napa-cabbage,1,2200,1950,2481,21
napa-cabbage,2,2398,2000,2578,20
napa-cabbage,3,2350,1990,2861,22
napa-cabbage,4,2810,2196,3245,22
napa-cabbage,5,3016,2120,3265,22
napa-cabbage,6,2014,1855,2920,22
napa-cabbage,7,2225,2046,2500,18
napa-cabbage,8,2313,2100,2858,18
napa-cabbage,9,2995,2300,3508,16
napa-cabbage,10,2650,2500,3080,18
napa-cabbage,11,2683,2186,2775,18
napa-cabbage,12,2300,1950,2563,18
onion,1,2390,1600,2550,21
onion,2,2508,1509,2750,20
onion,3,2643,1451,2730,22
onion,4,2465,1475,2671,22
onion,5,2210,1468,2410,22
onion,6,2100,1550,2406,22
onion,7,2163,1884,2710,18
onion,8,2830,2051,3016,18
onion,9,2433,2029,2856,16
onion,10,1850,1488,2564,18
onion,11,2304,1572,2956,18
onion,12,1592,1344,2454,18
parsley,1,2425,1975,2925,21
parsley,2,2162,1875,2233,20
parsley,3,1875,1833,2100,22
parsley,4,2150,1970,2425,22
parsley,5,2339,2200,2874,22
parsley,6,2300,2200,2505,22
parsley,7,2229,2094,2291,18
parsley,8,1995,1823,2488,18
parsley,9,2000,1950,2566,16
parsley,10,2140,1939,2316,18
parsley,11,2403,2200,2448,18
parsley,12,2680,2499,2950,18
pear,1,3475,3100,3585,21
pear,2,3300,3100,3605,20
pear,3,3153,2960,3888,22
pear,4,3625,3173,3850,22
pear,5,3825,3568,4106,22
pear,6,3725,3570,3825,21
pear,7,3813,3480,4245,19
pear,8,3605,3299,3979,18
pear,9,3317,3010,3443,16
pear,10,3325,3116,3386,18
pear,11,3335,3156,3974,18
pear,12,3298,3123,3718,18
pineapple,1,1390,1350,1444,21
pineapple,2,1545,1508,1581,20
pineapple,3,1468,1380,1698,22
pineapple,4,1815,1675,1950,22
pineapple,5,1705,1440,1895,22
pineapple,6,1585,1391,1600,22
pineapple,7,1500,1450,1660,18
pineapple,8,1760,1700,1910,18
pineapple,9,1850,1660,2063,16
pineapple,10,1432,1255,1700,18
pineapple,11,1175,1013,1300,18
pineapple,12,1249,1153,1388,18
poblano-pepper,1,2400,2300,2500,21
poblano-pepper,2,2450,2400,2855,20
poblano-pepper,3,2500,2413,2869,22
poblano-pepper,4,2450,2410,3238,22
poblano-pepper,5,2400,2100,2450,22
poblano-pepper,6,2450,2269,2908,22
poblano-pepper,7,2550,2450,2725,18
poblano-pepper,8,2550,2358,2913,18
poblano-pepper,9,2455,2338,2950,16
poblano-pepper,10,2400,2308,2488,18
poblano-pepper,11,2350,2263,2450,18
poblano-pepper,12,2350,2300,2475,18
pork-loin,1,84,82,86,21
pork-loin,2,87,84,92,20
pork-loin,3,89,86,93,22
pork-loin,4,90,87,98,22
pork-loin,5,92,87,100,22
pork-loin,6,96,94,101,22
pork-loin,7,100,97,101,18
pork-loin,8,98,96,100,18
pork-loin,9,98,96,98,16
pork-loin,10,93,90,94,18
pork-loin,11,84,83,88,18
pork-loin,12,82,81,84,18
pork-shoulder,1,106,102,109,21
pork-shoulder,2,107,101,111,20
pork-shoulder,3,113,106,116,22
pork-shoulder,4,116,110,117,22
pork-shoulder,5,127,116,131,22
pork-shoulder,6,133,127,145,22
pork-shoulder,7,125,117,152,18
pork-shoulder,8,110,107,118,18
pork-shoulder,9,114,107,123,16
pork-shoulder,10,105,104,115,18
pork-shoulder,11,107,100,108,18
pork-shoulder,12,109,107,110,18
raspberry,1,2740,2325,3340,21
raspberry,2,2935,2379,3631,20
raspberry,3,2323,2088,2605,22
raspberry,4,2773,2273,3039,22
raspberry,5,2768,2398,3205,22
raspberry,6,1460,1225,2280,21
raspberry,7,2080,1035,2443,19
raspberry,8,2210,1660,2773,18
raspberry,9,2408,1800,2744,16
raspberry,10,1483,1070,1671,18
raspberry,11,1763,1081,2025,18
raspberry,12,1948,1624,2501,18
red-leaf-lettuce,1,1725,1550,2250,21
red-leaf-lettuce,2,1825,1728,2380,20
red-leaf-lettuce,3,2160,1713,2511,22
red-leaf-lettuce,4,2165,1862,2538,22
red-leaf-lettuce,5,2405,1693,3304,22
red-leaf-lettuce,6,1948,1620,2446,22
red-leaf-lettuce,7,2215,1602,2589,18
red-leaf-lettuce,8,2469,1653,2547,18
red-leaf-lettuce,9,2250,1686,2579,16
red-leaf-lettuce,10,2575,1855,3063,18
red-leaf-lettuce,11,3070,2013,4577,18
red-leaf-lettuce,12,2791,2100,3125,18
red-onion,1,1925,1800,2019,21
red-onion,2,1843,1800,2154,20
red-onion,3,1970,1548,2548,22
red-onion,4,1725,1435,3015,22
red-onion,5,1915,1550,3175,22
red-onion,6,1840,1575,2700,21
red-onion,7,2080,1588,2563,19
red-onion,8,2125,1828,2225,18
red-onion,9,1870,1633,2094,16
red-onion,10,1900,1513,2008,18
red-onion,11,1725,1613,1895,18
red-onion,12,1763,1419,1900,18
red-potato,1,3825,2950,3950,21
red-potato,2,3650,2750,3851,20
red-potato,3,3573,2750,3643,22
red-potato,4,3450,2750,3450,22
red-potato,5,3450,2905,3590,22
red-potato,6,3150,3050,3700,21
red-potato,7,3775,2975,4175,19
red-potato,8,4268,3678,4570,18
red-potato,9,3650,3538,4113,16
red-potato,10,3738,2944,4103,18
red-potato,11,3683,3450,4275,18
red-potato,12,3825,2990,3950,18
ribeye,1,1018,973,1070,21
ribeye,2,977,964,1015,20
ribeye,3,1012,977,1058,22
ribeye,4,1036,920,1171,22
ribeye,5,1010,906,1133,22
ribeye,6,1076,997,1159,22
ribeye,7,969,925,1058,18
ribeye,8,960,932,1142,18
ribeye,9,1083,968,1230,16
ribeye,10,1131,1054,1332,18
ribeye,11,1227,1129,1373,18
ribeye,12,1304,1215,1410,18
romaine-lettuce,1,2050,1750,2438,21
romaine-lettuce,2,2338,1825,2703,20
romaine-lettuce,3,2950,2300,3685,22
romaine-lettuce,4,2635,2394,3179,22
romaine-lettuce,5,2538,2375,3716,22
romaine-lettuce,6,2735,2373,3055,22
romaine-lettuce,7,2819,1811,3171,18
romaine-lettuce,8,2600,1798,3218,18
romaine-lettuce,9,2600,1928,3422,16
romaine-lettuce,10,2477,1660,4947,18
romaine-lettuce,11,3872,2175,5463,18
romaine-lettuce,12,2853,1800,3460,18
russet-potato,1,1700,1500,2330,21
russet-potato,2,1500,1373,2350,20
russet-potato,3,1475,1363,2350,22
russet-potato,4,1450,1400,2200,22
russet-potato,5,1540,1393,2200,22
russet-potato,6,1538,1413,2360,22
russet-potato,7,1608,1515,3400,18
russet-potato,8,3200,1625,4093,18
russet-potato,9,1825,1580,2889,16
russet-potato,10,1600,1431,1934,18
russet-potato,11,1630,1506,2718,18
russet-potato,12,1500,1331,1798,18
rutabaga,1,3000,2900,3000,21
rutabaga,2,3000,2900,3000,20
rutabaga,3,3000,2900,3000,22
rutabaga,4,2950,2900,3000,22
rutabaga,5,2900,2900,3000,22
rutabaga,6,2930,2825,3000,22
rutabaga,7,2850,2500,2900,18
rutabaga,8,2850,2800,3313,18
rutabaga,9,2800,2663,2900,16
rutabaga,10,2900,2525,2900,18
rutabaga,11,2900,2900,3000,18
rutabaga,12,2950,2900,3000,18
short-rib,1,595,548,611,21
short-rib,2,585,576,604,20
short-rib,3,581,547,590,22
short-rib,4,572,514,580,22
short-rib,5,584,510,595,22
short-rib,6,590,550,602,22
short-rib,7,596,592,617,18
short-rib,8,607,573,612,18
short-rib,9,575,551,589,16
short-rib,10,569,552,579,18
short-rib,11,540,499,563,18
short-rib,12,551,518,572,18
spinach,1,1895,1700,2950,21
spinach,2,1775,1700,3250,20
spinach,3,1783,1700,1846,22
spinach,4,1805,1764,1883,22
spinach,5,1884,1825,2018,22
spinach,6,1657,1555,1798,22
spinach,7,1673,1563,1769,18
spinach,8,1880,1633,2125,18
spinach,9,1840,1688,2081,16
spinach,10,1838,1704,2016,18
spinach,11,1845,1670,2150,18
spinach,12,2730,1844,3111,18
striploin,1,778,746,846,21
striploin,2,837,785,952,20
striploin,3,893,774,981,22
striploin,4,969,787,1065,22
striploin,5,956,821,1065,22
striploin,6,1105,938,1126,22
striploin,7,910,862,1021,18
striploin,8,826,735,851,18
striploin,9,664,646,729,16
striploin,10,681,626,832,18
striploin,11,752,630,796,18
striploin,12,759,742,850,18
tomato,1,2300,1842,2875,21
tomato,2,1735,1620,2320,20
tomato,3,1650,1465,2489,22
tomato,4,1805,1565,2820,22
tomato,5,1875,1750,2760,22
tomato,6,1794,1570,1938,22
tomato,7,1900,1750,2175,18
tomato,8,1873,1761,2243,18
tomato,9,1917,1650,2152,16
tomato,10,1925,1768,2300,18
tomato,11,2450,2100,3138,18
tomato,12,3125,2200,3457,18
watermelon,1,2956,2756,3350,21
watermelon,2,2898,2574,3370,20
watermelon,3,3575,3109,4088,22
watermelon,4,3625,3358,3989,22
watermelon,5,2715,2625,2900,22
watermelon,6,2944,2550,4043,21
watermelon,7,2913,2480,3133,19
watermelon,8,2700,2466,3480,18
watermelon,9,2657,2420,2766,16
watermelon,10,2570,2435,2650,18
watermelon,11,2825,2100,3035,18
watermelon,12,3115,2350,3350,18
yellow-squash,1,1750,1650,2575,21
yellow-squash,2,2560,1950,2600,20
yellow-squash,3,2215,1913,2600,22
yellow-squash,4,1825,1600,2088,22
yellow-squash,5,1840,1500,2200,22
yellow-squash,6,1773,1638,2190,22
yellow-squash,7,1428,1210,1695,18
yellow-squash,8,1700,1570,2298,18
yellow-squash,9,1850,1700,2277,16
yellow-squash,10,1700,1510,1794,18
yellow-squash,11,1788,1630,1900,18
yellow-squash,12,2100,1725,2435,18
zucchini,1,2075,1303,2650,21
zucchini,2,1735,1475,2123,20
zucchini,3,1483,1100,1763,22
zucchini,4,1210,1113,1445,22
zucchini,5,1400,1250,1650,22
zucchini,6,1325,1150,1494,22
zucchini,7,1300,1253,1373,18
zucchini,8,1260,1100,1628,18
zucchini,9,1550,1500,1645,16
zucchini,10,1475,1290,1677,18
zucchini,11,1350,1143,1665,18
zucchini,12,1250,1107,1720,18
artichoke,1,3800,3300,5030,21
artichoke,2,3270,2965,3743,20
artichoke,3,2710,2363,3025,22
artichoke,4,3020,2738,3593,22
artichoke,5,3850,3360,4250,21
artichoke,6,3517,3200,4375,22
artichoke,7,3200,2558,3331,18
artichoke,8,2648,2250,3160,18
artichoke,9,3020,2278,3663,16
artichoke,10,3658,2885,4795,18
artichoke,11,3995,3556,4619,18
artichoke,12,4825,4640,5000,18
broccoli,1,2950,2368,3425,21
broccoli,2,2950,2052,3775,20
broccoli,3,3110,2656,3306,22
broccoli,4,3140,3054,3363,22
broccoli,5,2675,2480,3237,22
broccoli,6,2450,2188,2815,22
broccoli,7,2993,2727,3076,18
broccoli,8,2640,2475,3100,18
broccoli,9,2675,2619,3013,16
broccoli,10,3128,2658,4005,17
broccoli,11,3025,2229,4003,18
broccoli,12,3090,2410,4290,18
butter,1,249,206,260,22
butter,2,259,242,266,20
butter,3,248,237,273,22
butter,4,242,234,277,22
butter,5,241,235,276,22
butter,6,248,244,293,20
butter,7,275,247,297,18
butter,8,280,254,307,18
butter,9,271,268,309,17
butter,10,308,274,317,17
butter,11,271,199,315,18
butter,12,267,259,285,18
cheddar-cheese,1,181,153,193,22
cheddar-cheese,2,192,154,198,20
cheddar-cheese,3,192,160,194,22
cheddar-cheese,4,179,161,197,22
cheddar-cheese,5,175,166,185,22
cheddar-cheese,6,189,166,193,20
cheddar-cheese,7,193,159,211,18
cheddar-cheese,8,189,172,196,18
cheddar-cheese,9,194,188,201,17
cheddar-cheese,10,194,182,203,17
cheddar-cheese,11,184,177,205,18
cheddar-cheese,12,177,166,202,18
green-beans,1,2800,2500,4400,21
green-beans,2,3965,3038,4785,20
green-beans,3,2200,2060,2400,21
green-beans,4,2530,2200,3085,22
green-beans,5,3085,2435,3533,22
green-beans,6,2780,2425,3053,22
green-beans,7,2788,2510,3381,18
green-beans,8,2250,2033,2810,18
green-beans,9,2390,2208,2753,16
green-beans,10,2690,2113,4133,18
green-beans,11,4493,3945,4910,18
green-beans,12,3544,3010,3900,18
serrano-pepper,1,2800,2140,3500,21
serrano-pepper,2,2190,1900,2813,20
serrano-pepper,3,2938,2143,3423,22
serrano-pepper,4,3480,2950,5520,22
serrano-pepper,5,3825,2620,6350,22
serrano-pepper,6,3458,2671,4078,22
serrano-pepper,7,3145,2778,3965,18
serrano-pepper,8,2500,2500,3500,18
serrano-pepper,9,3383,2688,3700,16
serrano-pepper,10,2910,2700,3338,19
serrano-pepper,11,3960,3595,4368,16
serrano-pepper,12,3900,3462,4781,18
acorn-squash,1,2425,2050,2825,21
acorn-squash,2,2603,2050,2788,20
acorn-squash,3,2450,2050,2575,22
acorn-squash,4,2325,1950,2675,21
acorn-squash,5,2575,2400,3350,21
acorn-squash,6,2820,2400,3750,22
acorn-squash,7,2420,2350,2638,18
acorn-squash,8,2675,2450,2895,18
acorn-squash,9,2825,2650,2988,16
acorn-squash,10,2500,2295,2909,18
acorn-squash,11,2300,2100,2838,18
acorn-squash,12,2100,2050,2433,18
carrot,1,2750,2450,3031,20
carrot,2,2750,2450,2950,20
carrot,3,2750,2450,2850,22
carrot,4,3020,2450,3500,22
carrot,5,3350,2450,3500,22
carrot,6,3050,2464,3350,22
carrot,7,3200,2860,3325,18
carrot,8,3198,2750,3344,18
carrot,9,3025,2740,3238,16
carrot,10,2850,2475,3200,18
carrot,11,2663,2081,2950,18
carrot,12,2475,2450,2950,17
okra,1,2440,2090,2925,20
okra,2,2688,2250,3314,20
okra,3,2300,2060,2460,21
okra,4,2128,1845,2420,22
okra,5,1863,1628,2031,22
okra,6,1950,1825,2000,22
okra,7,1850,1775,1994,18
okra,8,1723,1671,1873,18
okra,9,1865,1679,1980,16
okra,10,1982,1706,2000,18
okra,11,2020,1828,2225,18
okra,12,2350,1930,2488,17
butter-lettuce,1,2000,1650,2678,21
butter-lettuce,2,2000,1650,2388,20
butter-lettuce,3,1980,1913,2238,22
butter-lettuce,4,2289,1913,2388,22
butter-lettuce,5,2054,1613,2576,22
butter-lettuce,6,2193,1750,2600,22
butter-lettuce,7,2000,1903,2263,18
butter-lettuce,8,2000,1905,2150,18
butter-lettuce,9,2000,1950,2150,13
butter-lettuce,10,2000,2000,2400,17
butter-lettuce,11,2250,2106,2689,18
butter-lettuce,12,2310,2000,2975,18
corn-on-the-cob,1,2620,2475,2825,21
corn-on-the-cob,2,2941,2549,3128,20
corn-on-the-cob,3,2658,2293,2848,22
corn-on-the-cob,4,2670,2532,2900,22
corn-on-the-cob,5,2565,2502,2905,22
corn-on-the-cob,6,2792,2628,3000,22
corn-on-the-cob,7,2788,2725,2871,18
corn-on-the-cob,8,2723,2361,3068,18
corn-on-the-cob,9,2725,2575,2991,16
corn-on-the-cob,10,2920,2718,3144,15
corn-on-the-cob,11,3062,2681,3515,16
corn-on-the-cob,12,2656,2564,2796,18
garlic,1,7200,6925,7550,21
garlic,2,7000,6950,7165,20
garlic,3,6950,6581,7000,22
garlic,4,7000,6150,7194,22
garlic,5,7000,5770,7150,22
garlic,6,6200,5807,7000,22
garlic,7,6250,6200,7363,18
garlic,8,6320,6200,7000,18
garlic,9,6580,6400,7148,16
garlic,10,7500,7000,7500,17
garlic,11,7450,7310,7788,14
garlic,12,7310,7200,7675,18
iceberg-lettuce,1,1750,1685,2075,21
iceberg-lettuce,2,1895,1667,2646,20
iceberg-lettuce,3,2000,1823,2241,18
iceberg-lettuce,4,2113,1866,3041,20
iceberg-lettuce,5,2193,1768,3033,22
iceberg-lettuce,6,2415,1663,3736,22
iceberg-lettuce,7,2514,2158,2751,18
iceberg-lettuce,8,2663,2270,3009,18
iceberg-lettuce,9,2055,1794,2625,16
iceberg-lettuce,10,2248,1668,3889,18
iceberg-lettuce,11,4718,2623,6868,18
iceberg-lettuce,12,2292,1750,3586,18
snow-peas,1,2713,2160,3040,21
snow-peas,2,2350,1928,2727,20
snow-peas,3,1858,1458,2211,18
snow-peas,4,2360,2187,2656,20
snow-peas,5,2510,2007,2950,22
snow-peas,6,2911,2716,3715,22
snow-peas,7,3190,2703,3425,18
snow-peas,8,2325,2099,3414,18
snow-peas,9,2008,1841,2678,16
snow-peas,10,2950,2516,3438,18
snow-peas,11,3425,3124,3903,18
snow-peas,12,2854,2466,4029,18
avocado,1,3798,2886,4254,18
avocado,2,3478,2839,4316,16
avocado,3,4110,3585,4823,19
avocado,4,4590,4090,5078,16
avocado,5,4445,3720,5091,18
avocado,6,4728,3705,6125,18
avocado,7,4720,3640,5610,17
avocado,8,3910,3283,4828,18
avocado,9,4010,3263,4463,17
avocado,10,3960,3420,4405,17
avocado,11,3226,2855,3636,18
avocado,12,3683,3006,4779,18
chicken-breast,1,120,109,137,18
chicken-breast,2,138,127,149,16
chicken-breast,3,152,141,196,18
chicken-breast,4,172,161,176,17
chicken-breast,5,161,142,186,17
chicken-breast,6,168,135,195,17
chicken-breast,7,175,121,184,14
chicken-breast,8,193,154,198,13
chicken-breast,9,169,157,187,18
chicken-breast,10,127,114,144,18
chicken-breast,11,111,98,123,16
chicken-breast,12,116,98,139,18
chicken-thigh,1,86,70,101,18
chicken-thigh,2,101,88,109,16
chicken-thigh,3,116,104,125,18
chicken-thigh,4,128,121,133,17
chicken-thigh,5,138,100,162,17
chicken-thigh,6,143,137,161,17
chicken-thigh,7,144,101,145,14
chicken-thigh,8,140,104,145,13
chicken-thigh,9,132,120,143,18
chicken-thigh,10,107,99,115,18
chicken-thigh,11,91,84,101,16
chicken-thigh,12,91,82,118,18
whole-chicken,1,141,100,179,18
whole-chicken,2,150,118,190,16
whole-chicken,3,128,101,161,18
whole-chicken,4,125,100,226,17
whole-chicken,5,91,88,117,17
whole-chicken,6,119,88,147,17
whole-chicken,7,167,111,259,14
whole-chicken,8,173,135,232,13
whole-chicken,9,156,122,210,18
whole-chicken,10,138,109,169,18
whole-chicken,11,132,100,170,16
whole-chicken,12,128,98,182,18
brussels-sprouts,1,3750,3650,4875,21
brussels-sprouts,2,3969,3550,4473,20
brussels-sprouts,3,3000,2745,3298,22
brussels-sprouts,4,3330,2625,3550,22
brussels-sprouts,5,3885,3475,4230,18
brussels-sprouts,6,4053,3450,4688,18
brussels-sprouts,7,4800,3840,5390,13
brussels-sprouts,8,4620,3436,5670,10
brussels-sprouts,9,4575,3425,5735,8
brussels-sprouts,10,3300,3081,5524,11
brussels-sprouts,11,3800,3550,4775,18
brussels-sprouts,12,3982,3590,5180,18
whole-turkey,1,167,89,172,17
whole-turkey,2,109,102,168,15
whole-turkey,3,149,114,171,18
whole-turkey,4,125,104,170,17
whole-turkey,5,143,114,162,17
whole-turkey,6,144,118,156,17
whole-turkey,7,139,104,149,14
whole-turkey,8,131,98,156,13
whole-turkey,9,143,109,168,18
whole-turkey,10,146,112,181,18
whole-turkey,11,146,105,176,16
whole-turkey,12,141,101,173,18
basil,1,700,600,755,12
basil,2,700,600,700,12
basil,3,700,600,700,12
basil,4,700,625,700,14
basil,5,700,600,700,13
basil,6,700,600,700,13
basil,7,700,600,800,10
basil,8,700,600,800,8
basil,9,650,600,700,8
basil,10,650,600,700,10
basil,11,700,675,705,8
basil,12,750,700,800,10
cilantro,1,2600,2590,3075,12
cilantro,2,2775,2475,3075,12
cilantro,3,2700,2350,2776,12
cilantro,4,2700,2438,2925,14
cilantro,5,2700,2625,2925,13
cilantro,6,2925,2550,2925,13
cilantro,7,3200,2610,3700,10
cilantro,8,2935,2700,3475,8
cilantro,9,2820,2700,3048,8
cilantro,10,2925,2723,3000,10
cilantro,11,2640,2619,2783,8
cilantro,12,2632,2625,2658,10
daikon,1,2900,2900,2965,12
daikon,2,2900,2900,3330,12
daikon,3,3100,3100,3600,12
daikon,4,3100,3100,3800,14
daikon,5,3100,3100,3400,13
daikon,6,3350,3100,3400,13
daikon,7,3225,3100,3350,10
daikon,8,3100,3050,3100,8
daikon,9,3100,3100,3100,8
daikon,10,3100,3100,3121,10
daikon,11,3025,2725,3044,8
daikon,12,2913,2450,3025,10
dill,1,2400,1855,2850,12
dill,2,2449,2150,2850,12
dill,3,2645,2500,2750,12
dill,4,2475,2371,2500,14
dill,5,2750,2265,3410,13
dill,6,2500,2045,3286,12
dill,7,2450,1625,2525,11
dill,8,3088,2875,5500,8
dill,9,3000,2893,3580,8
dill,10,2450,2400,2544,10
dill,11,3005,2430,3600,8
dill,12,2625,2300,3150,10
ginger,1,5453,5149,5685,12
ginger,2,5683,5429,6394,12
ginger,3,5350,4634,6300,12
ginger,4,5255,4680,5638,14
ginger,5,5350,4650,5380,13
ginger,6,5000,4650,5425,13
ginger,7,4685,4650,4750,10
ginger,8,4105,3800,4250,8
ginger,9,3878,3754,4000,8
ginger,10,3997,3788,4470,10
ginger,11,4500,4413,4573,8
ginger,12,4909,4831,5213,10
mint,1,1360,1250,1546,12
mint,2,1391,1311,1528,12
mint,3,1393,1333,1475,12
mint,4,1385,1331,1412,14
mint,5,1300,1290,1300,13
mint,6,1300,1250,1300,13
mint,7,1320,1300,1348,10
mint,8,1300,1294,1300,8
mint,9,1300,1278,1303,8
mint,10,1300,1300,1300,10
mint,11,1298,1283,1300,8
mint,12,1315,1300,1335,10
oregano,1,800,750,856,12
oregano,2,800,750,850,12
oregano,3,800,750,850,12
oregano,4,800,763,850,14
oregano,5,800,750,850,13
oregano,6,800,750,850,13
oregano,7,785,750,800,10
oregano,8,800,800,800,8
oregano,9,800,800,800,8
oregano,10,800,800,800,10
oregano,11,800,800,900,8
oregano,12,850,800,900,10
rosemary,1,750,750,850,12
rosemary,2,750,750,850,12
rosemary,3,750,750,850,12
rosemary,4,750,750,850,14
rosemary,5,750,750,850,13
rosemary,6,750,750,850,13
rosemary,7,750,750,750,10
rosemary,8,750,750,750,8
rosemary,9,750,750,750,8
rosemary,10,750,750,750,10
rosemary,11,750,750,850,8
rosemary,12,800,750,850,10
tarragon,1,982,975,1075,12
tarragon,2,1025,975,1075,12
tarragon,3,1030,975,1075,12
tarragon,4,1075,1000,1075,14
tarragon,5,1075,975,1075,13
tarragon,6,1075,975,1075,13
tarragon,7,1025,975,1075,10
tarragon,8,1025,975,1075,8
tarragon,9,1025,975,1075,8
tarragon,10,1025,975,1075,10
tarragon,11,1025,975,1075,8
tarragon,12,1025,975,1075,10
thyme,1,1285,1100,1300,12
thyme,2,1100,1050,1300,12
thyme,3,1100,1050,1300,12
thyme,4,1100,1050,1250,14
thyme,5,1100,1050,1300,13
thyme,6,1100,1050,1315,13
thyme,7,1213,1100,1325,10
thyme,8,1213,1100,1325,8
thyme,9,1213,1100,1325,8
thyme,10,1213,1100,1325,10
thyme,11,1213,1100,1325,8
thyme,12,1213,1100,1325,10
bok-choy,1,2200,2070,2327,11
bok-choy,2,2238,1888,2525,12
bok-choy,3,2120,2045,2416,12
bok-choy,4,2295,2113,2450,14
bok-choy,5,2550,2440,2650,13
bok-choy,6,2583,2190,2650,13
bok-choy,7,2130,1800,2710,10
bok-choy,8,2640,2186,3993,8
bok-choy,9,3190,2648,3758,8
bok-choy,10,2973,2730,3110,10
bok-choy,11,2868,2758,2925,8
bok-choy,12,2510,2225,2800,10
pork-belly,1,18051,16679,18148,5
pork-belly,2,18005,16762,19760,5
pork-belly,3,17764,17038,18377,5
pork-belly,4,17820,17103,18247,5
pork-belly,5,16730,16395,18185,5
pork-belly,6,17187,16095,18068,4
pork-belly,7,17294,16442,18232,4
pork-belly,8,17216,16433,18057,4
pork-belly,9,17250,16489,18167,4
pork-belly,10,17237,16555,18096,4
pork-belly,11,17467,16660,18284,4
pork-belly,12,18730,18152,18854,4
vegetable-oil,1,23477,23298,25293,5
vegetable-oil,2,23693,23237,24104,5
vegetable-oil,3,24148,24006,25576,5
vegetable-oil,4,23890,23569,25739,5
vegetable-oil,5,24462,23494,26518,5
vegetable-oil,6,23899,22824,24982,4
vegetable-oil,7,24332,23489,25079,4
vegetable-oil,8,24240,23336,25724,4
vegetable-oil,9,24037,23334,25558,4
vegetable-oil,10,23858,22971,25123,4
vegetable-oil,11,24916,22894,26389,4
vegetable-oil,12,23618,22526,24677,4
eggs,1,95,76,138,5
eggs,2,470,120,820,8
eggs,3,286,157,393,10
eggs,4,215,60,370,8
eggs,5,182,65,348,8
eggs,6,298,56,303,9
sweet-potato,1,1938,1929,1985,8
sweet-potato,2,2050,1975,2125,8
sweet-potato,3,2069,2004,2125,8
sweet-potato,4,2069,2013,2125,10
sweet-potato,11,1825,1819,1844,8
sweet-potato,12,1900,1900,1929,10
